,Unnamed: 0,Artist,Song,Duration(ms),Year,danceability,energy,key,loudness,speechiness,acousticness,instrumentalness,liveness,valence,tempo,uri
9603,9603,Brian Culbertson,Lets Get Started,230547,2005,0.7240000000000001,0.716,9,-7.678,0.0416,0.011000000000000001,0.898,0.162,0.787,101.007,spotify:track:2GhAmjELQCfr3s2AFj0Q2C
9604,9604,Mindi Abair,True Blue,266267,2005,0.75,0.614,4,-5.83,0.0337,0.184,0.149,0.261,0.542,115.977,spotify:track:4QFBPHVz4v2WGFBWDHPZ2n
9605,9605,Nils,Summer Nights,238853,2005,0.637,0.818,10,-7.178,0.0338,0.18899999999999997,0.8859999999999999,0.0703,0.799,97.98299999999999,spotify:track:61S3v0zujG9J171zdMEap7
9606,9606,Richard Elliot,Mystique,265893,2005,0.602,0.768,4,-5.827999999999999,0.0342,0.402,0.00919,0.16399999999999998,0.652,98.04700000000001,spotify:track:38KiH6Gchd09p9DfQpmXyM
9607,9607,Philippe Saisse Trio,Do It Again,265560,2005,0.7609999999999999,0.68,9,-8.623,0.0297,0.517,0.961,0.09,0.601,132.03,spotify:track:1Dep3tYyMSQqcOPmqztmtL
9608,9608,Peter White,What Does It Take ,241707,2005,0.757,0.6859999999999999,0,-6.331,0.0275,0.0669,0.773,0.0932,0.5920000000000001,104.986,spotify:track:7dM3hjAQq6JKwLLQmBzzd5
9609,9609,Euge Groove,Chillaxin,366507,2005,0.828,0.581,0,-4.352,0.0328,0.321,0.174,0.0736,0.867,90.867,spotify:track:46XKawW6tKQkWU2AoRa75H
9610,9610,Nick Colionne,Always Thinking Of You,239931,2005,0.695,0.672,0,-9.262,0.0386,0.244,0.8290000000000001,0.0934,0.765,96.993,spotify:track:3IqWUhLp7QC0aF61X4xJjQ
9611,9611,Wayman Tisdale,Get Down On It,258360,2005,0.77,0.89,4,-4.928999999999999,0.0385,0.0411,0.32799999999999996,0.0587,0.941,110.01100000000001,spotify:track:41BisXehQCshqh06t1is99
9612,9612,Ray Parker Jr.,Mismaloya Beach,245667,2005,0.77,0.545,0,-9.051,0.0418,0.516,0.8370000000000001,0.11599999999999999,0.5579999999999999,83.009,spotify:track:7DN2PLDgkvc5abfFcB7nmA
9613,9613,Brian Simpson,Its All Good,212053,2005,0.8170000000000001,0.557,8,-7.6160000000000005,0.0589,0.022000000000000002,0.00718,0.225,0.679,129.972,spotify:track:16lLug6arQScOfLWBbbC6s
9614,9614,Rick Braun,Shining Star,212133,2005,0.856,0.381,2,-12.1,0.0576,0.361,0.528,0.0982,0.495,95.01299999999999,spotify:track:3dutsQ5XjJWRAWfdPnxuRU
9615,9615,Kim Waters,Steppin Out,245853,2005,0.7020000000000001,0.785,7,-5.372999999999999,0.0265,0.6809999999999999,0.26899999999999996,0.298,0.767,110.999,spotify:track:1TQEe8NQLc3ml4p23ueRzq
9616,9616,Ramsey Lewis,Oh Happy Day ,256373,2005,0.7340000000000001,0.639,0,-7.814,0.0314,0.0392,0.731,0.307,0.87,110.986,spotify:track:1t1iHbrvkb1etaX1LR12Cr
9617,9617,Marion Meadows,Suede,256227,2005,0.74,0.581,9,-7.692,0.0304,0.344,0.013000000000000001,0.11800000000000001,0.602,99.96,spotify:track:4F00pGa6rKvXx043AXvowT
9618,9618,Euge Groove,Get Em Goin,344867,2005,0.738,0.861,4,-4.394,0.0781,0.13699999999999998,0.652,0.0771,0.965,169.72099999999998,spotify:track:3HQ3myQqZbkUIaTQvMKxVs
9619,9619,Michael Lington,Pacifica,256973,2005,0.562,0.83,9,-5.975,0.0324,0.0913,0.7859999999999999,0.131,0.451,98.85700000000001,spotify:track:4zfF62Jy2mtNCG2wlGy2VK
9620,9620,Fourplay ,My Loves Leavin,311333,2005,0.6970000000000001,0.365,8,-10.979000000000001,0.0474,0.19899999999999998,0.00162,0.0603,0.433,83.98100000000001,spotify:track:4h5xL72v5GQy2unj1vD14G
9621,9621,Walter Beasley,Coolness,247707,2005,0.871,0.752,2,-5.914,0.0445,0.0393,0.0147,0.0587,0.95,111.976,spotify:track:0rjVKXqZdMeer5E4NLCNU0
9622,9622,Chris Botti ,Good Morning Heartache,373067,2005,0.615,0.305,10,-15.462,0.0603,0.8079999999999999,0.0564,0.102,0.428,82.34299999999999,spotify:track:16j95bT7kLb04Qfn4YzAGQ
9623,9623,Boney James ,The Total Experience,239453,2005,0.561,0.762,0,-6.031000000000001,0.0372,0.736,0.889,0.10800000000000001,0.529,99.98700000000001,spotify:track:3lAEcWkOJQMx4jzFToxvQq
9624,9624,David Benoit,Beat Street,254613,2005,0.818,0.84,7,-4.823,0.0344,0.157,0.92,0.278,0.7909999999999999,112.837,spotify:track:3lStExJQqeITPr98Lt6uAj
9625,9625,Lionel Richie,I Call It Love,198427,2005,0.6809999999999999,0.753,8,-4.082,0.107,0.45899999999999996,0.0,0.114,0.578,91.993,spotify:track:5BsJy4UDoQXqdgcyWqWQw2
9626,9626,Corinne Bailey Rae,Put Your Records On,215360,2005,0.7390000000000001,0.511,9,-7.843999999999999,0.0362,0.16699999999999998,1.34e-06,0.133,0.542,96.038,spotify:track:2nGFzvICaeEWjIrBrL2RAx
9627,9627,Brian Culbertson,Hookin Up,282787,2005,0.7090000000000001,0.593,0,-8.033,0.0462,0.214,0.925,0.0583,0.715,87.962,spotify:track:4sTKTxjeTYE04uyNAFvJl6
9628,9628,Brian Culbertson,Lets Get Started,230547,2006,0.7240000000000001,0.716,9,-7.678,0.0416,0.011000000000000001,0.898,0.162,0.787,101.007,spotify:track:2GhAmjELQCfr3s2AFj0Q2C
9629,9629,Mindi Abair,True Blue,266267,2006,0.75,0.614,4,-5.83,0.0337,0.184,0.149,0.261,0.542,115.977,spotify:track:4QFBPHVz4v2WGFBWDHPZ2n
9630,9630,Nils,Summer Nights,238853,2006,0.637,0.818,10,-7.178,0.0338,0.18899999999999997,0.8859999999999999,0.0703,0.799,97.98299999999999,spotify:track:61S3v0zujG9J171zdMEap7
9631,9631,Richard Elliot,Mystique,265893,2006,0.602,0.768,4,-5.827999999999999,0.0342,0.402,0.00919,0.16399999999999998,0.652,98.04700000000001,spotify:track:38KiH6Gchd09p9DfQpmXyM
9632,9632,Philippe Saisse Trio,Do It Again,265560,2006,0.7609999999999999,0.68,9,-8.623,0.0297,0.517,0.961,0.09,0.601,132.03,spotify:track:1Dep3tYyMSQqcOPmqztmtL
9633,9633,Peter White,What Does It Take ,241707,2006,0.757,0.6859999999999999,0,-6.331,0.0275,0.0669,0.773,0.0932,0.5920000000000001,104.986,spotify:track:7dM3hjAQq6JKwLLQmBzzd5
9634,9634,Euge Groove,Chillaxin,366507,2006,0.828,0.581,0,-4.352,0.0328,0.321,0.174,0.0736,0.867,90.867,spotify:track:46XKawW6tKQkWU2AoRa75H
9635,9635,Nick Colionne,Always Thinking Of You,239931,2006,0.695,0.672,0,-9.262,0.0386,0.244,0.8290000000000001,0.0934,0.765,96.993,spotify:track:3IqWUhLp7QC0aF61X4xJjQ
9636,9636,Wayman Tisdale,Get Down On It,258360,2006,0.77,0.89,4,-4.928999999999999,0.0385,0.0411,0.32799999999999996,0.0587,0.941,110.01100000000001,spotify:track:41BisXehQCshqh06t1is99
9637,9637,Ray Parker Jr.,Mismaloya Beach,245667,2006,0.77,0.545,0,-9.051,0.0418,0.516,0.8370000000000001,0.11599999999999999,0.5579999999999999,83.009,spotify:track:7DN2PLDgkvc5abfFcB7nmA
9638,9638,Brian Simpson,Its All Good,212053,2006,0.8170000000000001,0.557,8,-7.6160000000000005,0.0589,0.022000000000000002,0.00718,0.225,0.679,129.972,spotify:track:16lLug6arQScOfLWBbbC6s
9639,9639,Rick Braun,Shining Star,212133,2006,0.856,0.381,2,-12.1,0.0576,0.361,0.528,0.0982,0.495,95.01299999999999,spotify:track:3dutsQ5XjJWRAWfdPnxuRU
9640,9640,Kim Waters,Steppin Out,245853,2006,0.7020000000000001,0.785,7,-5.372999999999999,0.0265,0.6809999999999999,0.26899999999999996,0.298,0.767,110.999,spotify:track:1TQEe8NQLc3ml4p23ueRzq
9641,9641,Ramsey Lewis,Oh Happy Day ,256373,2006,0.7340000000000001,0.639,0,-7.814,0.0314,0.0392,0.731,0.307,0.87,110.986,spotify:track:1t1iHbrvkb1etaX1LR12Cr
9642,9642,Marion Meadows,Suede,256227,2006,0.74,0.581,9,-7.692,0.0304,0.344,0.013000000000000001,0.11800000000000001,0.602,99.96,spotify:track:4F00pGa6rKvXx043AXvowT
9643,9643,Euge Groove,Get Em Goin,344867,2006,0.738,0.861,4,-4.394,0.0781,0.13699999999999998,0.652,0.0771,0.965,169.72099999999998,spotify:track:3HQ3myQqZbkUIaTQvMKxVs
9644,9644,Michael Lington,Pacifica,256973,2006,0.562,0.83,9,-5.975,0.0324,0.0913,0.7859999999999999,0.131,0.451,98.85700000000001,spotify:track:4zfF62Jy2mtNCG2wlGy2VK
9645,9645,Fourplay ,My Loves Leavin,311333,2006,0.6970000000000001,0.365,8,-10.979000000000001,0.0474,0.19899999999999998,0.00162,0.0603,0.433,83.98100000000001,spotify:track:4h5xL72v5GQy2unj1vD14G
9646,9646,Walter Beasley,Coolness,247707,2006,0.871,0.752,2,-5.914,0.0445,0.0393,0.0147,0.0587,0.95,111.976,spotify:track:0rjVKXqZdMeer5E4NLCNU0
9647,9647,Chris Botti ,Good Morning Heartache,373067,2006,0.615,0.305,10,-15.462,0.0603,0.8079999999999999,0.0564,0.102,0.428,82.34299999999999,spotify:track:16j95bT7kLb04Qfn4YzAGQ
9648,9648,Boney James ,The Total Experience,239453,2006,0.561,0.762,0,-6.031000000000001,0.0372,0.736,0.889,0.10800000000000001,0.529,99.98700000000001,spotify:track:3lAEcWkOJQMx4jzFToxvQq
9649,9649,David Benoit,Beat Street,254613,2006,0.818,0.84,7,-4.823,0.0344,0.157,0.92,0.278,0.7909999999999999,112.837,spotify:track:3lStExJQqeITPr98Lt6uAj
9650,9650,Lionel Richie,I Call It Love,198427,2006,0.6809999999999999,0.753,8,-4.082,0.107,0.45899999999999996,0.0,0.114,0.578,91.993,spotify:track:5BsJy4UDoQXqdgcyWqWQw2
9651,9651,Corinne Bailey Rae,Put Your Records On,215360,2006,0.7390000000000001,0.511,9,-7.843999999999999,0.0362,0.16699999999999998,1.34e-06,0.133,0.542,96.038,spotify:track:2nGFzvICaeEWjIrBrL2RAx
9652,9652,Brian Culbertson,Hookin Up,282787,2006,0.7090000000000001,0.593,0,-8.033,0.0462,0.214,0.925,0.0583,0.715,87.962,spotify:track:4sTKTxjeTYE04uyNAFvJl6
9653,9653,Paul Brown,The Rhythm Method,240853,2007,0.716,0.56,3,-10.075,0.0576,0.321,0.449,0.0821,0.54,97.691,spotify:track:20tVwFjPoTBHsF7gFT5mLT
9654,9654,Euge Groove,Born 2 Groove,257000,2007,0.6809999999999999,0.757,2,-6.976,0.0697,0.21899999999999997,0.877,0.0479,0.6709999999999999,172.01,spotify:track:0l6J2OncBZqcIq6dpq2VOg
9655,9655,Boney James,Hypnotic,252467,2007,0.5920000000000001,0.802,7,-7.563,0.0307,0.35600000000000004,0.635,0.127,0.87,87.98299999999999,spotify:track:0nizN4WJtySqXFXsWNYmwC
9656,9656,Norman Brown,Lets Take A Ride,299067,2007,0.628,0.7959999999999999,7,-6.247000000000001,0.0296,0.428,0.81,0.185,0.899,102.984,spotify:track:4z88WWtBj5P5CSUBfbFEB5
9657,9657,Wayman Tisdale,Way Up!,247014,2007,0.655,0.617,5,-13.863,0.0356,0.247,0.735,0.0785,0.7,103.988,spotify:track:2Gm0lk91ZTbaDY2XBjVQtg
9658,9658,Walter Beasley,Ready For Love,274120,2007,0.6990000000000001,0.723,7,-7.087999999999999,0.0256,0.609,0.8290000000000001,0.0711,0.623,101.958,spotify:track:1DN4Z87lHhE1PnDla3bBPG
9659,9659,Peter White,Mister Magic,218493,2007,0.807,0.695,5,-5.744,0.028999999999999998,0.0629,0.8590000000000001,0.31,0.9229999999999999,98.971,spotify:track:3zo1s72adfEB6MlpG9tj2S
9660,9660,Chuck Loeb,Good To Go,320347,2007,0.818,0.644,0,-9.08,0.037000000000000005,0.409,0.18600000000000003,0.0682,0.895,114.96600000000001,spotify:track:7BjfRhdjN3mRAzq1ztQVA4
9661,9661,Kirk Whalum,Give Me The Reason,243600,2007,0.799,0.631,5,-5.874,0.0359,0.107,0.327,0.0615,0.8959999999999999,133.914,spotify:track:2I35FEerTdRtyc50Ng5cwm
9662,9662,Keiko Matsui,Black River,270053,2007,0.685,0.655,4,-8.625,0.0426,0.175,0.8809999999999999,0.1,0.32299999999999995,111.05799999999999,spotify:track:3EVGNvQc8eLHIllTOjJM73
9663,9663,Gregg Karukas,Girl In The Red Dress,296227,2007,0.7559999999999999,0.531,5,-11.627,0.0403,0.318,0.713,0.0929,0.838,119.991,spotify:track:7IGXCoBk68O6Yrt65WFPIL
9664,9664,John Legend,Save Room,235667,2007,0.69,0.5720000000000001,7,-6.131,0.0264,0.0457,0.0,0.0969,0.375,111.919,spotify:track:3sTc75CCyIw4FPs6cXkOe7
9665,9665,Rick Braun ,R N R,260427,2007,0.8059999999999999,0.9079999999999999,2,-5.202999999999999,0.0573,0.18100000000000002,0.718,0.0153,0.9209999999999999,101.975,spotify:track:17D5BA7FvTeWADHFtt7lI6
9666,9666,Brian Bromberg,Cantaloupe Island,452733,2007,0.7290000000000001,0.544,1,-8.996,0.0301,0.46,0.257,0.111,0.51,123.947,spotify:track:6ceDcecv9HNJCPyPot9ln3
9667,9667,Mindi Abair,Bloom,283107,2007,0.631,0.6779999999999999,7,-4.917,0.0281,0.00587,0.009340000000000001,0.139,0.235,111.959,spotify:track:3mnszAwWjALgVMTzT1UHSI
9668,9668,Simply Red,So Not Over You,214267,2007,0.6579999999999999,0.606,10,-6.156000000000001,0.0369,0.69,0.0,0.153,0.625,77.006,spotify:track:6arZOsLI27ydn9dmUc3tk0
9669,9669,Kim Waters,Got To Give It Up,267227,2007,0.823,0.823,2,-5.666,0.0335,0.00456,0.672,0.33399999999999996,0.9670000000000001,121.5,spotify:track:5PGHKpN6Jf2cPMMBrqOYly
9670,9670,Paul Taylor,Ladies Choice,296867,2007,0.841,0.6709999999999999,5,-5.494,0.0347,0.24600000000000002,0.423,0.251,0.841,102.977,spotify:track:2xQGpg88lob4i1j4852bKo
9671,9671,Corinne Bailey Rae,Trouble Sleeping,208733,2007,0.636,0.55,5,-6.905,0.0237,0.14,0.0,0.0763,0.535,90.97,spotify:track:7m8PDR3PRg5lPhWMdYrktc
9672,9672,Norah Jones,Thinking About You,197280,2007,0.65,0.299,8,-10.76,0.03,0.605,0.0118,0.21899999999999997,0.294,123.59700000000001,spotify:track:0suRVpl5fIZVm7PuROSRsQ
9673,9673,Kenny G,Youre Beautiful,252867,2007,0.53,0.539,0,-7.728,0.0293,0.282,0.018000000000000002,0.11,0.298,81.686,spotify:track:0Wt0LiQPwDLEu6d1iH4b1k
9674,9674,George Benson ,Mornin,302027,2007,0.735,0.758,2,-7.631,0.042,0.58,0.105,0.0783,0.9,89.991,spotify:track:6zDl8rSHFZgmnv8jeg1xFy
9675,9675,Four80East,Noodle Soup,254080,2007,0.705,0.6779999999999999,0,-9.921,0.0384,0.47100000000000003,0.85,0.257,0.603,110.035,spotify:track:1yAGvQwKfr9hZF8qlaEhEO
9676,9676,Marion Meadows,Dressed To Chill,241387,2007,0.747,0.6509999999999999,7,-7.4879999999999995,0.0263,0.0944,0.0132,0.0791,0.8240000000000001,103.001,spotify:track:5yEoj9jfZcq2i31RfGIGUk
9677,9677,Boney James ,The Total Experience,239453,2007,0.561,0.762,0,-6.031000000000001,0.0372,0.736,0.889,0.10800000000000001,0.529,99.98700000000001,spotify:track:3lAEcWkOJQMx4jzFToxvQq
9678,9678,Jeff Golub ,Aint No Woman ,249680,2007,0.74,0.5,7,-7.88,0.0306,0.261,0.13699999999999998,0.0918,0.614,95.00200000000001,spotify:track:1PICa2dTwmmHgJOVcyJt4L
9679,9679,Jay Soto,Slammin,217107,2007,0.725,0.9420000000000001,5,-3.26,0.035,0.335,0.231,0.0797,0.961,94.984,spotify:track:7HKFBpITzQhxaGvAQ8loZM
9680,9680,David Benoit,Beat Street,254613,2007,0.818,0.84,7,-4.823,0.0344,0.157,0.92,0.278,0.7909999999999999,112.837,spotify:track:3lStExJQqeITPr98Lt6uAj
9681,9681,Kelly Sweet,Raincoat,230027,2007,0.467,0.311,2,-11.08,0.0326,0.69,4.1700000000000004e-05,0.10400000000000001,0.262,185.87,spotify:track:5aRNDNKCU7vPlyPPzhOPN1
9682,9682,Jessy J,Tequila Moon,276333,2008,0.545,0.439,2,-11.139000000000001,0.0351,0.69,0.42100000000000004,0.12300000000000001,0.621,94.064,spotify:track:6CqToVNuBYHXvlzdQmZHJA
9683,9683,Chuck Loeb,Window of The Soul,247333,2008,0.773,0.511,4,-10.255999999999998,0.0731,0.45299999999999996,0.903,0.0428,0.86,90.05799999999999,spotify:track:32eDGGkGf1lcJ8aWrjGhFO
9684,9684,Kenny G,Sax-o-loco,313267,2008,0.755,0.626,5,-7.025,0.028999999999999998,0.198,0.0376,0.0397,0.862,135.015,spotify:track:0Wueq6uMn3fM7gOKONjWEa
9685,9685,Paul Hardcastle,Lucky Star,228760,2008,0.6890000000000001,0.491,0,-17.094,0.0327,0.22899999999999998,0.836,0.0963,0.775,112.98100000000001,spotify:track:3tkhFbObwCW3De2kSPKvl3
9686,9686,Norman Brown,Pops Cool Groove,263960,2008,0.88,0.619,9,-7.476,0.0304,0.42,0.25,0.0929,0.961,114.01100000000001,spotify:track:1ABAAlwDD1HW3pGCA7ReUJ
9687,9687,Euge Groove,Mr. Groove,301240,2008,0.695,0.8009999999999999,1,-6.778,0.0331,0.09300000000000001,0.445,0.0483,0.623,91.016,spotify:track:16hiBwYiCd0crSiBtCXsMN
9688,9688,The Sax Pack,Fallin For You,211413,2008,0.7390000000000001,0.758,8,-5.882999999999999,0.0304,0.0454,0.846,0.35200000000000004,0.5770000000000001,115.053,spotify:track:7GGzeT5GV2EBUSfU0Qnwpd
9689,9689,Brian Culbertson,Always Remember,265181,2008,0.6920000000000001,0.8440000000000001,10,-6.872000000000001,0.0372,0.122,0.336,0.593,0.8240000000000001,123.965,spotify:track:6vUrAIS8oYcpa4vN95YeaU
9690,9690,Chris Standring,Love & Paragraphs,231507,2008,0.797,0.551,7,-7.058,0.0424,0.111,0.8490000000000001,0.0644,0.9420000000000001,120.01799999999999,spotify:track:3XZm16nGEo5XllEOhFQXBg
9691,9691,Boney James,Let It Go,240920,2008,0.579,0.718,1,-6.726,0.0344,0.324,0.8320000000000001,0.154,0.364,90.012,spotify:track:60mjqabddHz4UPW5vPnd3o
9692,9692,Candy Dulfer,L.A. City Lights,225480,2008,0.74,0.7240000000000001,0,-5.832000000000001,0.032,0.163,0.616,0.316,0.81,92.001,spotify:track:4PXpfYuL9UZp2eQwW4icpZ
9693,9693,Eric Marienthal,Blue Water,250747,2008,0.6890000000000001,0.6920000000000001,2,-7.26,0.0301,0.0838,0.636,0.0947,0.652,115.035,spotify:track:0vEHMGB81YJ5QYrIIVExH9
9694,9694,Everette Harp,Old School,266960,2008,0.778,0.608,0,-8.248,0.0387,0.256,0.624,0.113,0.5579999999999999,102.98700000000001,spotify:track:74KKPYo5oHjIm9Y2qzIqGk
9695,9695,Chris Botti,Venice,270373,2008,0.483,0.217,2,-19.727,0.036000000000000004,0.772,0.606,0.10099999999999999,0.34,171.832,spotify:track:5xHLSTjrySCHh5G40eMSlD
9696,9696,Paul Brown,Ol Skoolin,265133,2008,0.76,0.509,7,-8.934,0.0382,0.365,0.805,0.0396,0.826,98.98899999999999,spotify:track:67N5woJHqamQQRoGpRmLYr
9697,9697,Marcus Miller ,Free,300507,2008,0.612,0.5529999999999999,10,-6.05,0.0407,0.146,0.0128,0.16699999999999998,0.486,177.91299999999998,spotify:track:6XlAIByDIjucHlPiLrKmCF
9698,9698,Earl Klugh,Driftin,228427,2008,0.843,0.325,0,-14.602,0.0469,0.7170000000000001,0.877,0.106,0.883,104.991,spotify:track:1HvNKIGfKzR5I26EuLXDwv
9699,9699,Jesse Cook,Cafe Mocha,216587,2008,0.674,0.927,7,-5.524,0.0416,0.158,0.895,0.18899999999999997,0.557,105.00200000000001,spotify:track:4uI9IfBn0aQ7jOqoQpsSjn
9700,9700,Eric Darius,Goin All Out,251200,2008,0.708,0.823,5,-6.307,0.0914,0.0928,0.8190000000000001,0.23399999999999999,0.935,168.03799999999998,spotify:track:64bOHAVAipEaL9KSvBIl34
9701,9701,Wayman Tisdale,Throwin It Down,233560,2008,0.6779999999999999,0.8690000000000001,7,-8.297,0.0361,0.0741,0.674,0.131,0.894,104.00200000000001,spotify:track:3hTI3oWassKjRNp9MVCkkq
9702,9702,Jay Soto,Slammin,217107,2008,0.725,0.9420000000000001,5,-3.26,0.035,0.335,0.231,0.0797,0.961,94.984,spotify:track:7HKFBpITzQhxaGvAQ8loZM
9703,9703,Dave Koz,Life In The Fast Lane,249840,2008,0.723,0.852,9,-4.6930000000000005,0.125,0.00633,0.88,0.0491,0.496,107.948,spotify:track:6bZE2MJEVvw32kJkOFsPkW
9704,9704,Mindi Abair,Smile,267240,2008,0.747,0.675,10,-6.042000000000001,0.0346,0.32299999999999995,0.13,0.10400000000000001,0.355,110.035,spotify:track:2bHuXcujcdW4cXXOhjgbbf
9705,9705,Jeff Golub ,Aint No Woman ,249680,2008,0.74,0.5,7,-7.88,0.0306,0.261,0.13699999999999998,0.0918,0.614,95.00200000000001,spotify:track:1PICa2dTwmmHgJOVcyJt4L
9706,9706,Queen Latifah,Poetry Man,279787,2008,0.489,0.406,2,-9.122,0.0266,0.623,0.0,0.0775,0.42100000000000004,133.101,spotify:track:143GM5YP6w3DE2wUYysqt2
9707,9707,Paul Hardcastle,Marimba,232253,2008,0.67,0.512,4,-16.052,0.0401,0.09699999999999999,0.946,0.0909,0.774,107.49799999999999,spotify:track:5bLYw9OettRvjwVIpWxKPj
9708,9708,Nyee Moses,Between Us,228546,2008,0.6659999999999999,0.86,9,-6.949,0.0733,0.32299999999999995,0.00047300000000000006,0.0934,0.711,105.995,spotify:track:3KlP4yURYoSYhqJ8fgJ9Hi
9709,9709,Walter Beasley,Steady As She Goes,233405,2009,0.7240000000000001,0.701,10,-7.5,0.0333,0.235,0.0124,0.307,0.888,100.008,spotify:track:4XxCXDLfu9AkCzaoUTrSYb
9710,9710,Jackiem Joyner,Im Waiting For You,245227,2009,0.62,0.7879999999999999,3,-6.358,0.0565,0.161,0.507,0.061,0.75,167.99599999999998,spotify:track:2Wn7ZtdXyJ9uGBg2j6VvZR
9711,9711,Euge Groove,Religify,276627,2009,0.759,0.693,0,-5.678,0.0277,0.172,0.818,0.109,0.674,98.99600000000001,spotify:track:5FH74SWEJDh3td6j7JQRyN
9712,9712,Oli Silk,Chill Or Be Chilled,223667,2009,0.782,0.455,2,-9.613,0.0303,0.557,0.51,0.0538,0.585,100.025,spotify:track:7zpT0LfNeHx8arSeRTh7NZ
9713,9713,Richard Elliot,Move On Up,275173,2009,0.7120000000000001,0.797,5,-5.02,0.0413,0.0501,0.884,0.133,0.8140000000000001,136.019,spotify:track:4eQcdju6bOEvtRRZx8VcHi
9714,9714,Boney James,"Stop, Look, Listen ",296320,2009,0.575,0.494,11,-12.005999999999998,0.0346,0.389,0.562,0.0741,0.395,84.90899999999999,spotify:track:24Wg5AQK6AaNyZBTpL1unQ
9715,9715,Tim Bowman,Sweet Sundays,225800,2009,0.6779999999999999,0.831,1,-5.931,0.028999999999999998,0.564,0.875,0.0776,0.66,109.98299999999999,spotify:track:12v9qTFs7z2iczDpRrZutU
9716,9716,Warren Hill,La Dolce Vita,325093,2009,0.633,0.6729999999999999,2,-6.586,0.0356,0.358,0.007240000000000001,0.0744,0.251,95.021,spotify:track:0bSQopcyBmCEcp2nml5lMM
9717,9717,Michael Lington,You And I,235333,2009,0.63,0.821,7,-4.479,0.0327,0.127,0.233,0.1,0.6940000000000001,100.061,spotify:track:4S5hFxXQ5tDWP3gXaPRUyb
9718,9718,Fourplay,Fortune Teller,353120,2009,0.7809999999999999,0.406,4,-12.874,0.0348,0.36200000000000004,0.868,0.0979,0.667,99.999,spotify:track:2YAhTUN1TDdgyajlKaEC45
9719,9719,Bernie Williams,Go For It,415000,2009,0.573,0.725,4,-7.6160000000000005,0.0354,0.111,0.8240000000000001,0.102,0.758,169.96,spotify:track:2aURVEvvk7Bp2NL9xhhQvA
9720,9720,Dave Koz ,Bada Bing,287467,2009,0.795,0.6559999999999999,7,-5.645,0.0324,0.374,0.818,0.184,0.8059999999999999,111.014,spotify:track:7hzsW2lCGkiCMMmjYqBvqi
9721,9721,Darren Rahn,Talk Of The Town,250787,2009,0.7070000000000001,0.759,7,-6.143,0.0446,0.0035299999999999997,0.851,0.337,0.5479999999999999,101.988,spotify:track:2QiJz4caFi6iBJPM2R77aQ
9722,9722,Melody Gardot,Who Will Comfort Me,296320,2009,0.78,0.42700000000000005,5,-9.825,0.0491,0.665,0.00197,0.0975,0.358,138.058,spotify:track:5cFtJ9sQQDf0fbj9e8bs7O
9723,9723,Seal,A Change Is Gonna Come,234760,2009,0.389,0.602,6,-4.497,0.0312,0.635,0.000195,0.32,0.503,176.947,spotify:track:15fF3eeQObIBYneIzqsGJH
9724,9724,Jessy J,Tropical Rain,253200,2009,0.7340000000000001,0.47200000000000003,7,-8.599,0.0294,0.486,0.62,0.617,0.6679999999999999,120.008,spotify:track:6HgaeKHc9WW1hqDKeEYGbA
9725,9725,Kenny Lattimore,And I Love Her,173880,2009,0.82,0.47600000000000003,6,-8.182,0.0468,0.359,0.0295,0.109,0.858,97.454,spotify:track:19su5qOjCG0iKrWJ5etHou
9726,9726,Rick Braun,Tijuana Dance,330400,2009,0.8190000000000001,0.674,0,-5.5,0.0287,0.39799999999999996,0.85,0.0697,0.934,105.995,spotify:track:6i2DHfTNVTNHl66TYfnEhT
9727,9727,George Benson,Living In High Definition,434173,2009,0.757,0.8029999999999999,1,-6.716,0.034,0.0268,0.0896,0.0466,0.585,103.986,spotify:track:5NtpILHoA5gZgrarTRCVVz
9728,9728,Peter White,Bright,249333,2009,0.715,0.6409999999999999,2,-6.077999999999999,0.0302,0.5329999999999999,0.872,0.53,0.8190000000000001,110.99700000000001,spotify:track:0iGBZ9djtWuG1UUupKppFy
9729,9729,Dave Koz,Life In The Fast Lane,249840,2009,0.723,0.852,9,-4.6930000000000005,0.125,0.00633,0.88,0.0491,0.496,107.948,spotify:track:6bZE2MJEVvw32kJkOFsPkW
9730,9730,Wayne Brady,Ordinary,203187,2009,0.7909999999999999,0.643,11,-5.341,0.0361,0.5820000000000001,0.0,0.0849,0.83,91.527,spotify:track:5k5JjaoFDxaiYVjJiQM9W8
9731,9731,Paul Hardcastle,Marimba,232253,2009,0.67,0.512,4,-16.052,0.0401,0.09699999999999999,0.946,0.0909,0.774,107.49799999999999,spotify:track:5bLYw9OettRvjwVIpWxKPj
9732,9732,Boney James,Send One Your Love,274013,2009,0.593,0.522,10,-11.955,0.0309,0.452,0.708,0.122,0.39799999999999996,145.93,spotify:track:1RMGbJnIQY6QhlqxKH8Fxf
9733,9733,Najee,Out Of A Dream,297493,2009,0.684,0.7659999999999999,0,-4.539,0.0382,0.344,0.6679999999999999,0.28600000000000003,0.767,93.916,spotify:track:2uOKOsNiChTEnsSoUA5A9S
9734,9734,Craig Chaquico,Songbird,318267,2009,0.691,0.762,4,-7.3420000000000005,0.0309,0.21100000000000002,0.862,0.158,0.889,136.015,spotify:track:7yb0mc3yWrksIZ8XR9sIFa
9735,9735,Kenny G,Ritmo Y Romance ,431200,2009,0.669,0.526,7,-7.046,0.0266,0.615,0.698,0.106,0.479,106.06700000000001,spotify:track:4fNbGJOXIzOdwwz2zNT4vq
9736,9736,Paul Hardcastle,The Circle,227440,2009,0.767,0.76,5,-9.975,0.0274,0.331,0.848,0.0707,0.94,112.016,spotify:track:5sAHk1mJFI5WfkYWYH2mOI
9737,9737,Vanessa Williams,Just Friends,253107,2009,0.767,0.47,11,-8.204,0.0276,0.267,0.000884,0.0771,0.695,97.999,spotify:track:0ZI6V5GfJK8l1RWqEdHTH6
9738,9738,Eric Darius,Goin All Out,251200,2009,0.708,0.823,5,-6.307,0.0914,0.0928,0.8190000000000001,0.23399999999999999,0.935,168.03799999999998,spotify:track:64bOHAVAipEaL9KSvBIl34
9739,9739,Beyonce,At Last,180707,2009,0.26,0.26,5,-10.669,0.0329,0.6659999999999999,0.00447,0.175,0.318,172.655,spotify:track:0h87GbMRuU8ENP8LmdeA22
9740,9740,Basia,Blame It On The Summer,269000,2009,0.619,0.6609999999999999,0,-8.316,0.0363,0.325,5.71e-06,0.0851,0.833,163.896,spotify:track:48uUnMYPJqTiunlop0DAw4
9741,9741,Kenny G,Tango,327600,2009,0.688,0.508,9,-6.978,0.0315,0.539,0.639,0.0858,0.287,111.965,spotify:track:6LzSIk88nq0FdPjCS2dGF4
9742,9742,Candy Dulfer,On & On,275307,2009,0.635,0.813,8,-6.58,0.0482,0.11900000000000001,0.38799999999999996,0.0669,0.78,111.97,spotify:track:3ZAQixPd0jmoYomO4fz10T
9743,9743,Jesse Cook,Havana,220733,2009,0.743,0.925,4,-6.357,0.0454,0.617,0.895,0.0891,0.8390000000000001,108.009,spotify:track:5EuYhFnqryK1fzwdlQTD7g
9744,9744,Wayman Tisdale,One On One,254250,2009,0.669,0.539,9,-13.151,0.0275,0.0788,0.836,0.109,0.685,107.97,spotify:track:7bZMBzY0aFu6ToONdZssMr
9745,9745,Eric Darius,Because Of You,269373,2009,0.711,0.522,0,-5.54,0.0276,0.007659999999999999,0.8759999999999999,0.0844,0.799,109.99700000000001,spotify:track:66J6MiOJQQncGs2naOJCGp
9746,9746,Euge Groove,Slow Jam,309387,2009,0.633,0.649,4,-7.3229999999999995,0.0383,0.12300000000000001,0.509,0.0679,0.488,151.96,spotify:track:15X9hW8V03M3NWVQ4yVAZq
9747,9747,Jason Mraz,Im Yours,242187,2009,0.6859999999999999,0.457,11,-8.322000000000001,0.0468,0.595,0.0,0.105,0.718,150.953,spotify:track:1EzrEOXmMH3G43AXT1y7pA
9748,9748,Boney James,Touch,226173,2009,0.358,0.401,0,-12.46,0.0348,0.6859999999999999,0.7709999999999999,0.085,0.368,120.26100000000001,spotify:track:09mcJo5V6ZODKYybdYzgaW
9749,9749,Chris Standring,Have Your Cake & Eat It,243560,2009,0.8009999999999999,0.478,7,-9.693999999999999,0.0577,0.846,0.27699999999999997,0.215,0.648,106.0,spotify:track:52XxdtfUzy5Qqw8i0wKrjD
9750,9750,Najee,Sweet Summer Nights,251840,2009,0.557,0.768,7,-6.867000000000001,0.0391,0.0141,0.006640000000000001,0.0954,0.562,90.001,spotify:track:5kYYgWDy1ltbEUjQScEN67
9751,9751,Gregg Karukas,Manhattan,286093,2009,0.775,0.5529999999999999,1,-10.512,0.0308,0.485,0.8420000000000001,0.0453,0.82,120.005,spotify:track:27wLc0cxnw9IbhRMyMeBmR
9752,9752,The Rippingtons ,Paris Groove,217987,2009,0.698,0.708,6,-6.459,0.027999999999999997,0.0671,0.44299999999999995,0.11199999999999999,0.552,106.055,spotify:track:4lSIOtQdl9kbQTVu6iOBiI
9753,9753,Nick Colionne,No Limits,218587,2009,0.684,0.862,9,-6.566,0.0328,0.627,0.8270000000000001,0.0943,0.934,108.016,spotify:track:5pBOBNbmJHO7ulsBMnY5W8
9754,9754,Sergio Mendes ,The Look Of Love,166067,2009,0.644,0.449,0,-14.863,0.0326,0.79,4.44e-05,0.0686,0.669,114.929,spotify:track:6QeXqr6JQInV8Q8WDndmBn
9755,9755,Brian Culbertson,Lets Stay In Tonight,329907,2009,0.6890000000000001,0.6779999999999999,4,-8.689,0.061,0.18,0.618,0.156,0.17800000000000002,99.992,spotify:track:77lyY2lmXsYtGWcwnBHTGp
9756,9756,Chris Standring,Bossa Blue,281000,2010,0.7709999999999999,0.536,2,-9.847999999999999,0.0475,0.628,0.501,0.0822,0.414,100.009,spotify:track:5aCmxMcIH2B8vs6zValyW8
9757,9757,Spencer Day,Till You Come To Me,253800,2010,0.644,0.6859999999999999,2,-8.777999999999999,0.0653,0.0894,0.0,0.11699999999999999,0.895,134.179,spotify:track:5tgKFIefPOcUkwPMLghpCl
9758,9758,Jackiem Joyner,Take Me There,257787,2010,0.7170000000000001,0.8009999999999999,11,-4.427,0.0385,0.262,0.221,0.0521,0.6779999999999999,103.05,spotify:track:3w40SJQMLeqOBX1cMEMe9m
9759,9759,Bernie Williams ,Ritmo De Otono,342413,2010,0.6629999999999999,0.687,2,-7.164,0.032,0.35100000000000003,0.324,0.12,0.706,140.07,spotify:track:4uYDoLeW0VnZ4C9tAPcsiM
9760,9760,Steve Oliver,Fun In The Sun,230253,2010,0.6940000000000001,0.789,8,-6.428999999999999,0.0267,0.301,0.8,0.102,0.594,115.973,spotify:track:4cGmvUIEikVCZpStQtjCGs
9761,9761,Rick Braun,Christiane,285093,2010,0.6990000000000001,0.6679999999999999,0,-6.62,0.0321,0.23600000000000002,0.13,0.0739,0.73,94.977,spotify:track:0UTIg1eQsrnLnE7eyuRcJS
9762,9762,Mindi Abair,Be Beautiful,230813,2010,0.902,0.5660000000000001,8,-6.391,0.0446,0.0105,0.00731,0.16899999999999998,0.518,94.99700000000001,spotify:track:4MTwO0jK51U0syxewPCGWp
9763,9763,Euge Groove,Sunday Morning,283733,2010,0.743,0.511,7,-7.832000000000001,0.0316,0.239,0.213,0.135,0.24600000000000002,90.025,spotify:track:33ebT3LiU6u2BNNVds7Rap
9764,9764,Najee,Sweet Summer Nights,251840,2010,0.557,0.768,7,-6.867000000000001,0.0391,0.0141,0.006640000000000001,0.0954,0.562,90.001,spotify:track:5kYYgWDy1ltbEUjQScEN67
9765,9765,Richard Elliot,Retro Boy,260613,2010,0.722,0.7929999999999999,5,-6.97,0.0555,0.105,0.574,0.0389,0.948,105.02,spotify:track:2ba3EpbnzuD80z5McjBCeO
9766,9766,Jonathan Butler,Make Room For Me,209347,2010,0.925,0.65,2,-7.287999999999999,0.0478,0.287,0.7140000000000001,0.187,0.973,120.027,spotify:track:3BvB5X3b5PFcEkXYgUXwqA
9767,9767,Darren Rahn ,What Cha Gonna Do For Me,246480,2010,0.654,0.705,5,-6.595,0.0306,0.00519,0.665,0.0604,0.703,106.007,spotify:track:3q63DlE36tzUoNyqXcAJui
9768,9768,Jazzmasters,Touch And Go,273520,2010,0.48,0.9,4,-8.741,0.0514,0.233,0.184,0.0508,0.94,100.883,spotify:track:2QidJqMl3M9GxlxtxlvqWk
9769,9769,Jesse Cook,Bogota By Bus,186413,2010,0.737,0.8590000000000001,4,-5.2829999999999995,0.0413,0.722,0.8290000000000001,0.0721,0.862,98.02,spotify:track:1mfEfTMmJN6lgG8cCmxBAh
9770,9770,Sade,Soldier Of Love,356653,2010,0.775,0.5720000000000001,0,-8.427,0.0632,0.0117,0.0291,0.0847,0.64,90.023,spotify:track:0bgsj8kz5zWbQ6njk2Oqoz
9771,9771,Brian Culbertson,Go,328414,2010,0.627,0.28600000000000003,1,-10.119,0.0317,0.8440000000000001,0.9179999999999999,0.0886,0.10800000000000001,144.967,spotify:track:5Kuiihb8WUC0FAeZ9KqQtP
9772,9772,Paul Taylor,Burnin,235613,2010,0.795,0.927,3,-7.343999999999999,0.0562,0.292,0.89,0.0337,0.9279999999999999,105.009,spotify:track:04ryIwiqyn3BSm0TwG3fc9
9773,9773,Norah Jones,Chasing Pirates,160907,2010,0.85,0.46799999999999997,2,-9.09,0.039,0.547,0.0667,0.106,0.76,106.97399999999999,spotify:track:7GsLrzsAash4bp75SltRaN
9774,9774,Peter White,Bright,249333,2010,0.715,0.6409999999999999,2,-6.077999999999999,0.0302,0.5329999999999999,0.872,0.53,0.8190000000000001,110.99700000000001,spotify:track:0iGBZ9djtWuG1UUupKppFy
9775,9775,Kenny G,Heart And Soul,281907,2010,0.515,0.618,10,-8.39,0.0282,0.00199,0.76,0.69,0.43200000000000005,92.98200000000001,spotify:track:5W41nRwHlIvLwRnYiHMGDp
9776,9776,Walter Beasley,Oh Yeah,251012,2010,0.731,0.763,3,-6.525,0.0583,0.595,0.1,0.0708,0.8640000000000001,94.04799999999999,spotify:track:4OY1FgSYPdsE5z0XFKhpqG
9777,9777,Norman Brown,Sending My Love,256587,2010,0.617,0.588,9,-11.327,0.0244,0.848,0.843,0.223,0.735,99.98899999999999,spotify:track:7KjJIlwBUei9RpULpWF28M
9778,9778,Brian Culbertson ,Thats Life,278200,2010,0.737,0.6709999999999999,0,-7.489,0.0302,0.126,0.8909999999999999,0.0974,0.669,104.00200000000001,spotify:track:26Sz9IEnu85ODOPgl5jNR4
9779,9779,Paul Brown + Marc Antoine,Brother Earl,215907,2010,0.815,0.7559999999999999,5,-5.485,0.0399,0.374,0.794,0.0881,0.883,116.985,spotify:track:6OU6hKOM6IEeXO1W9wOzoK
9780,9780,Jeff Lorber,Pixel,252693,2010,0.853,0.626,5,-8.523,0.0513,0.272,0.8220000000000001,0.0713,0.743,111.645,spotify:track:7qAp9efdmbO8gNkJNy2Pn2
9781,9781,Kenny G ,Fall Again,254840,2010,0.54,0.49200000000000005,4,-8.833,0.0317,0.261,0.00014199999999999998,0.0924,0.359,79.94800000000001,spotify:track:0CRr0pecFIgaWmFAgTJGfD
9782,9782,Jessy J,Tropical Rain,253200,2010,0.7340000000000001,0.47200000000000003,7,-8.599,0.0294,0.486,0.62,0.617,0.6679999999999999,120.008,spotify:track:6HgaeKHc9WW1hqDKeEYGbA
9783,9783,Sade,Babyfather,278640,2010,0.76,0.595,11,-9.481,0.0354,0.0387,4.8899999999999996e-05,0.0835,0.745,137.993,spotify:track:10kh9WpO4XlJWhJKfW4I7t
9784,9784,Craig Chaquico,Songbird,318267,2010,0.691,0.762,4,-7.3420000000000005,0.0309,0.21100000000000002,0.862,0.158,0.889,136.015,spotify:track:7yb0mc3yWrksIZ8XR9sIFa
9785,9785,Brian Simpson,South Beach,205853,2010,0.7929999999999999,0.807,10,-7.845,0.0516,0.10300000000000001,0.33399999999999996,0.0802,0.948,130.032,spotify:track:5VpxBA4KLmgsqhicdPB0Os
9786,9786,Jessy J,True Love,227773,2010,0.7559999999999999,0.475,0,-10.414000000000001,0.0338,0.201,0.807,0.131,0.78,126.98899999999999,spotify:track:0gUh90GtFh5hEUzxLNRD0l
9787,9787,Jeff Golub,Nikkis Walk,305053,2010,0.8440000000000001,0.562,7,-8.732999999999999,0.0335,0.159,0.588,0.18600000000000003,0.862,121.958,spotify:track:26oO9R54dVTeoURt3di8AW
9788,9788,Peter White,Good Day,355800,2010,0.659,0.7609999999999999,5,-7.656000000000001,0.0345,0.264,0.9,0.0889,0.893,98.005,spotify:track:4zurV7Ax6Vqm53Hgf2ZrrY
9789,9789,Jackiem Joyner,Dance With Me,285707,2010,0.6829999999999999,0.667,5,-5.632999999999999,0.0344,0.0027300000000000002,0.192,0.0768,0.691,101.99799999999999,spotify:track:6F2D7EormEXGi0UndPVb5n
9790,9790,Boney James,Touch,226173,2010,0.358,0.401,0,-12.46,0.0348,0.6859999999999999,0.7709999999999999,0.085,0.368,120.26100000000001,spotify:track:09mcJo5V6ZODKYybdYzgaW
9791,9791,Sade,The Moon And The Sky,267560,2010,0.597,0.556,11,-7.144,0.032,0.61,0.000412,0.11800000000000001,0.513,73.985,spotify:track:2ZEwMwHaUECDWKkDh8rL0O
9792,9792,Dave Koz ,Put The Top Down,299560,2010,0.662,0.8009999999999999,10,-3.997,0.0719,0.45899999999999996,0.532,0.0599,0.915,89.964,spotify:track:69yirB74ViSWyFEa3tp9yZ
9793,9793,Michael Buble,Havent Met You Yet,244587,2010,0.615,0.733,8,-4.808,0.0335,0.152,0.0,0.109,0.7959999999999999,122.58,spotify:track:4fIWvT19w9PR0VVBuPYpWA
9794,9794,Tim Bowman,Let It Shine,246853,2010,0.608,0.8640000000000001,0,-7.105,0.0365,0.25,0.882,0.174,0.75,95.991,spotify:track:5BkqMR1kZDVhu0qY4hMGgU
9795,9795,Euge Groove,All For You,259680,2010,0.711,0.643,10,-7.187,0.0799,0.39399999999999996,0.773,0.0832,0.5770000000000001,80.889,spotify:track:3pYHnGgaOSvB7NJttIYRX2
9796,9796,Eric Darius,Uptown Swagger,250680,2010,0.6809999999999999,0.705,11,-5.507999999999999,0.0332,0.0545,0.0,0.0898,0.9309999999999999,86.01299999999999,spotify:track:47qHglDH1IP7AuFRivjFoi
9797,9797,Brian Bromberg,Mr. Miller,361653,2010,0.7709999999999999,0.753,0,-7.5729999999999995,0.0391,0.26899999999999996,0.884,0.353,0.826,97.01100000000001,spotify:track:6jrbkNsrJvdkq4QfaiYYvy
9798,9798,The Rippingtons,Modern Art,256120,2010,0.6990000000000001,0.828,7,-5.553,0.0328,0.231,0.157,0.128,0.47600000000000003,114.95200000000001,spotify:track:5KCUEehKGWJphxOQ7MY1BU
9799,9799,Kyle Wolverton,Cant Stop The Feeling,307613,2010,0.665,0.653,0,-5.466,0.0693,0.313,0.0381,0.114,0.518,172.02599999999998,spotify:track:4x4ZMMjSzipXrMgz6ir1MF
9800,9800,Darren Rahn,Talk Of The Town,250787,2010,0.7070000000000001,0.759,7,-6.143,0.0446,0.0035299999999999997,0.851,0.337,0.5479999999999999,101.988,spotify:track:2QiJz4caFi6iBJPM2R77aQ
9801,9801,Will Donato,Funkability,217587,2010,0.701,0.867,7,-5.857,0.0463,0.0102,0.00935,0.0447,0.764,111.961,spotify:track:5S7Fyj2FvojvgAI6FUobf8
9802,9802,George Benson,Nuthin But A Party,328773,2010,0.885,0.555,0,-6.431,0.0373,0.537,6.56e-05,0.115,0.836,100.005,spotify:track:2Nlotq2vXzEiplkLgrMj1D
9803,9803,Rick Braun,Tijuana Dance,330400,2010,0.8190000000000001,0.674,0,-5.5,0.0287,0.39799999999999996,0.85,0.0697,0.934,105.995,spotify:track:6i2DHfTNVTNHl66TYfnEhT
9804,9804,The Sax Pack,Cant Help Myself,252333,2010,0.7609999999999999,0.746,5,-8.027999999999999,0.0314,0.0676,0.858,0.0621,0.763,113.007,spotify:track:75jpyNrDEer0vkdOryeo6y
9805,9805,Nils,Jump Start,256973,2011,0.7140000000000001,0.873,4,-9.471,0.0342,0.192,0.871,0.11800000000000001,0.872,112.025,spotify:track:1e4vmDzPQMsdii7hoqZccV
9806,9806,David Benoit,Botswana Bossa Nova,235120,2011,0.643,0.6409999999999999,2,-10.705,0.0385,0.128,0.782,0.0668,0.515,159.969,spotify:track:143u0t0jKTotPQ99qhvfEV
9807,9807,Dave Koz ,Put The Top Down,299560,2011,0.662,0.8009999999999999,10,-3.997,0.0719,0.45899999999999996,0.532,0.0599,0.915,89.964,spotify:track:69yirB74ViSWyFEa3tp9yZ
9808,9808,Cindy Bradley,Massive Transit,353013,2011,0.6970000000000001,0.894,5,-6.808,0.0466,0.00373,0.865,0.0919,0.799,116.007,spotify:track:4h53e6Q1ezWjc7rVRlVYgx
9809,9809,Paul Taylor,Push To Start,229040,2011,0.7829999999999999,0.5770000000000001,7,-5.148,0.0339,0.168,0.502,0.11699999999999999,0.203,123.915,spotify:track:2wNzxfUjRKBy74f9IVH2u1
9810,9810,Dave Koz,Anythings Possible,210973,2011,0.54,0.45399999999999996,10,-12.134,0.0777,0.222,0.313,0.976,0.6559999999999999,114.06,spotify:track:3kCtMm8gTvTILVoi0e8LAw
9811,9811,Boney James,Contact,231747,2011,0.764,0.703,0,-7.659,0.0496,0.439,0.802,0.109,0.631,107.02,spotify:track:6jg7A5wTsYRbdxbIgPx0mG
9812,9812,Tim Bowman,Let It Shine,246853,2011,0.608,0.8640000000000001,0,-7.105,0.0365,0.25,0.882,0.174,0.75,95.991,spotify:track:5BkqMR1kZDVhu0qY4hMGgU
9813,9813,Jackiem Joyner,Dance With Me,285707,2011,0.6829999999999999,0.667,5,-5.632999999999999,0.0344,0.0027300000000000002,0.192,0.0768,0.691,101.99799999999999,spotify:track:6F2D7EormEXGi0UndPVb5n
9814,9814,Jackiem Joyner,Push,306467,2011,0.8109999999999999,0.657,9,-7.154,0.0499,0.00148,0.523,0.114,0.8,110.025,spotify:track:75Ikp6YyHf2gqPfTUct2Nu
9815,9815,Boney James,Spin,260653,2011,0.6829999999999999,0.562,2,-8.452,0.0359,0.6709999999999999,0.746,0.0959,0.627,92.023,spotify:track:0ZcrEj9uqX2D6PADs5CaBs
9816,9816,Blake Aaron ,Encantadora,249750,2011,0.721,0.728,8,-8.629,0.0339,0.465,0.235,0.0897,0.733,100.01,spotify:track:5iFDAezQ6Tg4rmTlN8rntx
9817,9817,Steve Cole,Undun,293533,2011,0.68,0.41600000000000004,3,-8.282,0.032,0.8240000000000001,0.8640000000000001,0.0787,0.48100000000000004,115.963,spotify:track:1jMPe92ML6hOCBJLssrUSh
9818,9818,Brian Culbertson ,Thats Life,278200,2011,0.737,0.6709999999999999,0,-7.489,0.0302,0.126,0.8909999999999999,0.0974,0.669,104.00200000000001,spotify:track:26Sz9IEnu85ODOPgl5jNR4
9819,9819,Norman Brown,Sending My Love,256587,2011,0.617,0.588,9,-11.327,0.0244,0.848,0.843,0.223,0.735,99.98899999999999,spotify:track:7KjJIlwBUei9RpULpWF28M
9820,9820,Craig Sharmat,Ease Up,246947,2011,0.745,0.5429999999999999,5,-7.312,0.0429,0.0426,0.62,0.11800000000000001,0.613,79.98,spotify:track:6h7qbhIrQAsRUtf1cTZOqZ
9821,9821,Steve Oliver,Global Kiss,252853,2011,0.778,0.636,7,-6.94,0.0357,0.0497,0.81,0.0711,0.62,113.05,spotify:track:7Imiuvs65o8Xs0X7i73d91
9822,9822,Andy Snitzer ,Marseille,311322,2011,0.434,0.496,9,-11.199000000000002,0.0488,0.644,0.652,0.127,0.161,83.66799999999999,spotify:track:02zUl7lBXXNJk7JGu9YIId
9823,9823,Euge Groove,S7ven Large,326053,2011,0.782,0.7120000000000001,8,-5.311,0.0302,0.43,0.7240000000000001,0.0781,0.6,98.012,spotify:track:1GPR0okAeYXR1BgotFQEQr
9824,9824,Fourplay,Love TKO,270920,2011,0.674,0.473,8,-8.27,0.0761,0.46399999999999997,4.1700000000000004e-05,0.111,0.685,72.954,spotify:track:5yOPGNvvAQS1OHfL85WPLP
9825,9825,Jonathan Fritzen,Friday Night,237307,2011,0.7440000000000001,0.7959999999999999,9,-9.374,0.0364,0.23199999999999998,0.413,0.218,0.8420000000000001,134.5,spotify:track:1QQsGM7dHYBL4xaJpj7h3S
9826,9826,Fourplay,3rd Degree,307307,2011,0.763,0.705,5,-7.287999999999999,0.0307,0.6,0.747,0.0834,0.746,115.979,spotify:track:647dN2FeLGraHq4ZAmr8z2
9827,9827,Jonathan Butler,Feels So Good,224960,2011,0.636,0.807,2,-4.124,0.0765,0.183,0.0,0.0826,0.642,90.005,spotify:track:5spzUjKPODXIW2E8p54u32
9828,9828,Jeff Lorber,Sumatra,251507,2011,0.725,0.682,5,-10.710999999999999,0.0368,0.0888,0.532,0.0852,0.726,119.986,spotify:track:5BbMAH6Kmlp0mW5dMmsmYy
9829,9829,Paul Hardcastle,Easy Come Easy Go,212695,2011,0.706,0.634,1,-9.758,0.0317,0.29,0.929,0.0545,0.507,101.101,spotify:track:2b0Lz94zIRpuFacKE2gUfx
9830,9830,Dave Koz ,Start All Over Again,269893,2011,0.547,0.43799999999999994,0,-7.728,0.0304,0.0473,0.0,0.14800000000000002,0.0873,138.045,spotify:track:6nLpMjkQijyl7pjkQjnvUE
9831,9831,Keiko Matsui,Affirmation,360667,2011,0.583,0.505,0,-10.238,0.0307,0.614,0.428,0.0631,0.293,83.946,spotify:track:6vOFUuB3tWfE4s7RF2ZMS8
9832,9832,Michael Franks,Now That The Summers Here,327707,2011,0.768,0.47200000000000003,0,-10.538,0.0285,0.52,2.35e-05,0.0726,0.6729999999999999,117.994,spotify:track:3VTaA4bheCCnLONUzZDsKQ
9833,9833,Nils,Shake It,285360,2011,0.7070000000000001,0.703,5,-9.511000000000001,0.0397,0.451,0.7929999999999999,0.0565,0.7609999999999999,106.055,spotify:track:0apO2RKiwR73ppaNTahrix
9834,9834,Nick Colionne,The Windy Dance,211394,2011,0.8590000000000001,0.616,2,-6.792000000000001,0.0403,0.647,0.304,0.0947,0.713,123.007,spotify:track:18RUQPM2Gmeknc0cmZylVw
9835,9835,Sade,Still In Love With You,264240,2011,0.68,0.49,9,-8.888,0.0346,0.556,0.000924,0.122,0.289,77.008,spotify:track:51UNNIXG0vZrwB40N6qWOo
9836,9836,John Legend ,Wake Up Everybody,264867,2011,0.638,0.467,3,-7.787000000000001,0.0522,0.536,0.0,0.298,0.657,94.089,spotify:track:7lVxWMH0C3Bj8b8JLkh9EN
9837,9837,Jazzmasters,Touch And Go,273520,2011,0.48,0.9,4,-8.741,0.0514,0.233,0.184,0.0508,0.94,100.883,spotify:track:2QidJqMl3M9GxlxtxlvqWk
9838,9838,Gerald Albright,I Found The Klugh,336467,2011,0.588,0.6809999999999999,5,-4.235,0.0406,0.575,0.21600000000000003,0.27,0.519,94.541,spotify:track:4YjTbYYUBPRhYeRXNc5CxA
9839,9839,Jessy J,Hot Sauce,197067,2011,0.6559999999999999,0.787,7,-3.8569999999999998,0.0284,0.15,0.733,0.152,0.583,124.07600000000001,spotify:track:68kBSJlbwUB82m767YCasZ
9840,9840,Euge Groove,All For You,259680,2011,0.711,0.643,10,-7.187,0.0799,0.39399999999999996,0.773,0.0832,0.5770000000000001,80.889,spotify:track:3pYHnGgaOSvB7NJttIYRX2
9841,9841,Jill Scott,Lovely Day,256707,2011,0.68,0.7559999999999999,9,-6.087000000000001,0.0833,0.0753,2.55e-06,0.111,0.726,98.066,spotify:track:15zK6W5kmfSrEAV0Wa27Wd
9842,9842,Marc Antoine,Wolfgang 40,221840,2011,0.748,0.556,7,-9.746,0.05,0.425,0.887,0.175,0.28600000000000003,111.993,spotify:track:3BgE7zCLrjKYpD0B6aaQC1
9843,9843,Drew Davidsen,Spin Cycle,225440,2011,0.659,0.903,2,-7.05,0.0318,0.425,0.8859999999999999,0.168,0.642,124.991,spotify:track:64jjKIIaKcXMhDnrufnOdV
9844,9844,Elan Trotman ,Heaven In Your Eyes,246317,2011,0.47100000000000003,0.765,5,-5.67,0.0408,0.345,0.863,0.264,0.444,179.86599999999999,spotify:track:3pusfp7IK5hcySC2p5TnvS
9845,9845,Brian Bromberg,Saul Goode,263613,2011,0.716,0.6859999999999999,2,-7.457000000000001,0.0292,0.508,0.617,0.32899999999999996,0.8640000000000001,91.97,spotify:track:0fZiU23Cyd29PNZl7kCBaz
9846,9846,Oli Silk ,Latin Haze,348253,2011,0.721,0.664,5,-7.955,0.0394,0.303,0.836,0.0937,0.919,102.074,spotify:track:2a4Cq3bXppUitgyuLseGcs
9847,9847,Nate Najar ,Groove Me,228453,2011,0.836,0.648,6,-5.742999999999999,0.0371,0.256,0.000513,0.0506,0.7190000000000001,107.58200000000001,spotify:track:4IwTnTgeWsabrL6pKQ1qeX
9848,9848,Richard Elliot,Boom Town,257933,2011,0.773,0.7390000000000001,8,-7.2620000000000005,0.0557,0.33799999999999997,0.59,0.321,0.725,106.10700000000001,spotify:track:1sOKS8DbKcSQyhmg9OZeWR
9849,9849,The Rippingtons ,Riviera Jam,205293,2011,0.802,0.865,1,-4.488,0.0322,0.00733,0.878,0.0829,0.7909999999999999,110.007,spotify:track:7rO7Sd92mLO3l5Pjt8o13j
9850,9850,Santana ,While My Guitar Gently Weeps,362520,2011,0.35200000000000004,0.8240000000000001,7,-4.9110000000000005,0.0345,0.174,0.0411,0.177,0.385,116.072,spotify:track:6s6nuBUe2alx3Rfk9JLPij
9851,9851,Down To The Bone,Music Is The Key,330667,2011,0.703,0.8859999999999999,10,-6.676,0.0303,0.29,0.387,0.0974,0.9129999999999999,99.98200000000001,spotify:track:5FtnGbcYiBwvibBveI8BJg
9852,9852,Bob Baldwin,For Grover And George,354547,2011,0.633,0.618,0,-6.98,0.035,0.172,0.36200000000000004,0.0735,0.6759999999999999,90.02799999999999,spotify:track:0sNGTDuylhUPStt0kgPckU
9853,9853,Peter White,Here We Go,238587,2012,0.77,0.816,8,-5.955,0.032,0.131,0.877,0.0631,0.721,117.012,spotify:track:28koFqLc8NoMI8RwYgGrIx
9854,9854,Jeff Lorber Fusion,Big Brother,290547,2012,0.682,0.6940000000000001,5,-8.496,0.0516,0.537,0.6920000000000001,0.0723,0.758,93.07,spotify:track:4bb0SQzSFvc2n3LmEEa8rF
9855,9855,David Benoit,Feelin It,237107,2012,0.654,0.7290000000000001,5,-11.009,0.0417,0.345,0.812,0.0613,0.326,89.98700000000001,spotify:track:27elXAlhv0kLmu5VScfSc4
9856,9856,Chris Standring,Olivers Twist,227920,2012,0.866,0.685,10,-10.302999999999999,0.0733,0.47700000000000004,0.858,0.0896,0.8740000000000001,100.014,spotify:track:6NMLLu1tPMa5W1q2a9S7OJ
9857,9857,Paul Brown,The Funky Joint,211067,2012,0.755,0.636,9,-8.151,0.0315,0.7390000000000001,0.882,0.28800000000000003,0.75,104.045,spotify:track:0gcOnSL83y8eUfxbEyVjbL
9858,9858,Jeff Lorber Fusion,City ,268947,2012,0.753,0.789,1,-6.194,0.0385,0.28300000000000003,0.871,0.0926,0.8170000000000001,114.959,spotify:track:2fxGPywX81rSSodsGtH7d9
9859,9859,Gerald Albright / Norman Brown,In The Moment,287480,2012,0.626,0.77,10,-5.756,0.0703,0.521,0.8370000000000001,0.0948,0.779,186.032,spotify:track:1YPAQh7tNiKDLS7hkco8PZ
9860,9860,Julian Vaughn,On Your Feet,245653,2012,0.722,0.611,5,-9.574,0.0351,0.254,0.852,0.0485,0.488,109.98100000000001,spotify:track:4DgJ2gbsXhuLbfMnJIBVsK
9861,9861,Vincent Ingala,Cant Stop Now,255160,2012,0.78,0.669,8,-7.545,0.0273,0.142,0.9109999999999999,0.0615,0.941,115.928,spotify:track:6hi8moNeFzlIjLtSbLLvrA
9862,9862,Cindy Bradley,Deja Blue,256787,2012,0.687,0.85,10,-7.019,0.0428,0.0285,0.873,0.725,0.7979999999999999,94.00200000000001,spotify:track:19oivC1Qaz05jfnhZUqIPQ
9863,9863,Michael Lington ,Roadtrip,258600,2012,0.784,0.725,9,-6.444,0.0382,0.187,0.684,0.0656,0.595,128.046,spotify:track:7x4iRMyY4OTqXM9rhnam2r
9864,9864,Brian Culbertson,Your Smile,281307,2012,0.835,0.657,5,-9.054,0.0304,0.158,0.925,0.0638,0.9329999999999999,91.919,spotify:track:6U7aNW4s7gXtssU3V5bkad
9865,9865,Najee,Perfect Nites,233093,2012,0.728,0.7290000000000001,2,-7.845,0.0386,0.41600000000000004,0.0517,0.111,0.8390000000000001,107.98100000000001,spotify:track:5AskekHzn85ycup1dhhyoJ
9866,9866,Richard Elliot,Island Style,319269,2012,0.762,0.48,5,-9.782,0.0578,0.22699999999999998,0.5479999999999999,0.083,0.564,87.958,spotify:track:1KAiXwkbEoum2qP7g22RYo
9867,9867,Darren Rahn,Magnetic,282958,2012,0.5760000000000001,0.557,5,-8.847999999999999,0.0293,0.0289,0.000699,0.125,0.662,104.025,spotify:track:7LpbOrUvegYe1dUQPoawhF
9868,9868,Kenny G ,Namaste,326520,2012,0.71,0.67,2,-6.484,0.0296,0.18600000000000003,0.584,0.127,0.254,101.978,spotify:track:3eLrXAFMDjbWCDmqJ7HUe4
9869,9869,Acoustic Alchemy,Roseland,220107,2012,0.5589999999999999,0.775,9,-8.051,0.0251,0.55,0.919,0.114,0.782,115.027,spotify:track:0RQZCk322Cx7FHjsXCcqGF
9870,9870,Brian Bromberg,Does Anybody Really Know What Time It Is?,291973,2012,0.6990000000000001,0.516,0,-7.321000000000001,0.0321,0.71,0.184,0.34,0.627,127.182,spotify:track:60TPWCdJWAKAAHyWK8V5nP
9871,9871,Richard Elliot,Boom Town,257933,2012,0.773,0.7390000000000001,8,-7.2620000000000005,0.0557,0.33799999999999997,0.59,0.321,0.725,106.10700000000001,spotify:track:1sOKS8DbKcSQyhmg9OZeWR
9872,9872,Paul Taylor ,Horizon,317947,2012,0.795,0.6759999999999999,4,-5.414,0.0371,0.299,0.669,0.124,0.569,93.01299999999999,spotify:track:5LSGvF87vQe5Wy8HvdtWOV
9873,9873,George Benson,The Lady In My Life,270400,2012,0.645,0.584,9,-8.773,0.0357,0.7959999999999999,0.7829999999999999,0.233,0.511,76.962,spotify:track:7r5B5N1ijHZuDSqNdoYPnK
9874,9874,Craig Sharmat,A Day In Paris,236693,2012,0.6,0.516,2,-14.125,0.0329,0.0795,0.601,0.0872,0.684,90.089,spotify:track:0BjhNiMHMwYbgIr9oelCYj
9875,9875,Nicholas Cole,Between Us,288240,2012,0.6679999999999999,0.775,1,-9.693,0.0376,0.369,0.748,0.115,0.919,94.49700000000001,spotify:track:16A3OPqMuXSGrBKn6V9Uen
9876,9876,Roman Street,Caravan,223216,2012,0.721,0.825,8,-6.49,0.0451,0.84,0.847,0.11599999999999999,0.7390000000000001,119.991,spotify:track:2ZpMY7b1euoHX9uyZIpdgs
9877,9877,Blake Aaron,Youre The One For Me,246693,2012,0.785,0.40700000000000003,4,-16.147000000000002,0.0818,0.561,0.0,0.327,0.7040000000000001,102.91,spotify:track:0yxgzpMXUkt4M868UPnG7M
9878,9878,Tim Bowman,Seaside Drive,236773,2013,0.684,0.74,2,-8.8,0.0269,0.562,0.838,0.377,0.644,114.05,spotify:track:7hTMHV5IXzPvfh3sdJextY
9879,9879,Marion Meadows,Black Pearl,267999,2013,0.723,0.675,10,-6.625,0.0377,0.634,0.0366,0.501,0.768,96.014,spotify:track:7anvucMBaMtGDHwsTmf6zt
9880,9880,Boney James ,Batucada ,243427,2013,0.7829999999999999,0.67,5,-8.247,0.0541,0.0363,0.769,0.0792,0.745,104.89299999999999,spotify:track:7Gv2xW2kB0H2AVjzw4Ac3U
9881,9881,Paul Hardcastle,No Stress,361440,2013,0.599,0.498,11,-9.711,0.0343,0.36,0.9109999999999999,0.0766,0.5489999999999999,82.99799999999999,spotify:track:198oO1qsxPBYvRE9dAYen0
9882,9882,Dave Koz ,Got To Get You Into My Life,337160,2013,0.631,0.593,2,-7.704,0.122,0.605,0.7020000000000001,0.0841,0.493,136.175,spotify:track:3SM6vjZAGUCoNDep8aHqqA
9883,9883,Vincent Ingala,Wish I Was There,258973,2013,0.721,0.741,5,-7.271,0.0367,0.215,0.436,0.33899999999999997,0.586,111.963,spotify:track:2a4oQu3kiRJ3wO3nXFabyp
9884,9884,Brian Simpson,Just What You Need,284148,2013,0.667,0.73,9,-7.921,0.0267,0.275,0.737,0.359,0.743,99.001,spotify:track:58qOzrycmuvrJjqv7wMnyB
9885,9885,Althea Rene,In The Flow,254791,2013,0.688,0.76,0,-8.663,0.0296,0.0748,0.461,0.349,0.9470000000000001,117.973,spotify:track:0ue1rBdfrjz0ZzD6pE7pJh
9886,9886,Bob James ,Deep In The Weeds,366093,2013,0.885,0.654,0,-7.54,0.0378,0.0258,0.897,0.0715,0.9420000000000001,134.998,spotify:track:4QfDgf0U8FqS9V67rfpuok
9887,9887,Gerald Albright / Norman Brown,Champagne Life,322160,2013,0.78,0.705,4,-6.976,0.0627,0.44,0.0171,0.34299999999999997,0.52,96.48299999999999,spotify:track:04TdDL9q31EgSZ6hMsDrpb
9888,9888,Greg Manning,Dance With You,239320,2013,0.7709999999999999,0.7759999999999999,1,-7.007999999999999,0.0309,0.0713,0.13699999999999998,0.28600000000000003,0.7759999999999999,119.99799999999999,spotify:track:3lGJdYITXwrtbmxMUxkb7n
9889,9889,Kim Waters,Its A Party In Here,266227,2013,0.77,0.643,2,-8.212,0.0286,0.264,0.741,0.42,0.426,110.01100000000001,spotify:track:3cdLqjgN2XpKH2g81bJGF5
9890,9890,Yellowjackets,Cant We Elope,327107,2013,0.7859999999999999,0.555,11,-9.023,0.0275,0.12300000000000001,0.336,0.111,0.507,114.90100000000001,spotify:track:6pEc73g1m0R8GoZ7qkZZev
9891,9891,Lebron,Groove City,244455,2013,0.742,0.765,5,-8.065,0.0471,0.009909999999999999,0.21100000000000002,0.0876,0.684,103.0,spotify:track:1n6UFYOXBThKXmye1ydpQZ
9892,9892,Boney James,Powerhouse,240160,2013,0.64,0.574,8,-10.243,0.034,0.364,0.925,0.109,0.631,89.992,spotify:track:1l1qyYpe5XDJHPgZ1MxM7o
9893,9893,Marc Antoine,Montuno Bay,232533,2013,0.685,0.79,8,-7.352,0.0352,0.701,0.929,0.124,0.8859999999999999,81.99700000000001,spotify:track:0neMA2vGbsGtORLHAWQ3e8
9894,9894,Fourplay,All I Wanna Do,254760,2013,0.7140000000000001,0.275,1,-12.867,0.0266,0.912,0.0069099999999999995,0.0997,0.19699999999999998,97.491,spotify:track:78epiAGE6g4chvLJn9qNdu
9895,9895,David Benoit,Youre Amazing,201187,2013,0.504,0.708,5,-9.984,0.0321,0.136,0.8859999999999999,0.0808,0.513,89.823,spotify:track:5PHndIOIyFRGDtNmxFKlRj
9896,9896,Cindy Bradley,Lifted,294827,2013,0.631,0.645,2,-8.032,0.0348,0.746,0.9259999999999999,0.156,0.52,91.977,spotify:track:11uTYvnSU7RdiP8VQ2wHZc
9897,9897,Spencer Day,The Mystery Of You,255440,2013,0.594,0.711,10,-7.376,0.0517,0.0343,0.0,0.133,0.614,132.018,spotify:track:6IYaXSsym14DzNa8rkU9W5
9898,9898,Darren Rahn,One Step Ahead,261172,2013,0.66,0.723,8,-7.01,0.0396,0.0137,0.36,0.0639,0.7120000000000001,110.01100000000001,spotify:track:4SBjq79ni9iK0MKuwh2xu5
9899,9899,Patrick Lamb,Maceo!,268027,2013,0.865,0.611,9,-4.626,0.0678,0.424,0.022000000000000002,0.29100000000000004,0.722,117.64200000000001,spotify:track:4mXtiifG6y4rYaqzGDoLhz
9900,9900,bwb,Man In The Mirror,267693,2013,0.742,0.496,7,-9.971,0.0367,0.59,0.0156,0.11699999999999999,0.569,100.0,spotify:track:4Wi2Zjuv1rcQMKBEW9Ksdu
9901,9901,Jonathan Fritzen ,To The Top,292520,2013,0.743,0.7290000000000001,8,-7.797999999999999,0.0315,0.249,0.344,0.315,0.63,123.92399999999999,spotify:track:0sks9HAdeyYsJ97EkYHN4a
9902,9902,Nils,Lets Bounce,231400,2013,0.7609999999999999,0.905,7,-6.672000000000001,0.0416,0.242,0.6940000000000001,0.0908,0.909,106.04,spotify:track:7qiMg4XKv1YWXBckIbJEPz
9903,9903,Paul Brown ,Backstage Pass,205480,2013,0.711,0.619,0,-9.99,0.032,0.547,0.611,0.102,0.634,98.00200000000001,spotify:track:7cnYu5p5nGWnN8MDi8gzI3
9904,9904,Nicholas Cole ,Please Dont Say No,234427,2013,0.7140000000000001,0.664,0,-10.024,0.057,0.12,0.7959999999999999,0.0819,0.733,94.00299999999999,spotify:track:4hT1GoglmvvgglG31CR1ug
9905,9905,George Benson ,Unforgettable,305360,2013,0.6859999999999999,0.34,1,-12.655,0.0298,0.77,0.00131,0.11800000000000001,0.462,112.065,spotify:track:2t9UI29HPyf95U6OyGpAcF
9906,9906,Keiko Matsui,Black Lion,241293,2013,0.7140000000000001,0.674,9,-10.354000000000001,0.0428,0.5920000000000001,0.8859999999999999,0.12300000000000001,0.486,105.016,spotify:track:1honckZIk8vY5rU5yKPqwt
9907,9907,Jeanette Harris,Just Keep Holding On,240744,2013,0.7709999999999999,0.475,5,-9.955,0.0347,0.0249,0.853,0.13699999999999998,0.883,100.024,spotify:track:5Th2ukJp5lXUz0VWMa2FAa
9908,9908,Paul Hardcastle,Easy Street,246280,2013,0.674,0.627,2,-9.297,0.0359,0.579,0.731,0.127,0.579,93.006,spotify:track:1irQfsekMun1Am8usVxHoa
9909,9909,Lee Ritenour,The Village,306053,2013,0.713,0.511,1,-10.173,0.0326,0.754,0.763,0.11199999999999999,0.77,126.946,spotify:track:66IxT9sqzOoBu6ynuk1YJi
9910,9910,Chuck Loeb,Silhouette,393013,2013,0.805,0.46299999999999997,5,-9.814,0.0336,0.657,0.753,0.11599999999999999,0.669,128.065,spotify:track:2hCCy11yAQr9UPhPLEoUmc
9911,9911,Jeff Lorber Fusion,Hacienda,331107,2013,0.7190000000000001,0.7190000000000001,11,-9.02,0.0414,0.0908,0.9309999999999999,0.165,0.435,123.986,spotify:track:3iSNlj7KpAbJ9pjKqLrGjV
9912,9912,Richard Elliot,Inner City Blues ,302472,2013,0.747,0.7759999999999999,3,-6.86,0.0675,0.381,0.478,0.0893,0.855,91.041,spotify:track:0pviL1T6KsgS5sEFILpH2s
9913,9913,Brian Bromberg,Ellen,404253,2013,0.591,0.5429999999999999,0,-13.482000000000001,0.0341,0.622,0.716,0.159,0.455,99.994,spotify:track:07UIDWMbnszmI7lUwcbVta
9914,9914,Fourplay,Sonnymoon,252213,2013,0.754,0.586,5,-9.559,0.0394,0.715,0.8640000000000001,0.0852,0.8079999999999999,127.976,spotify:track:2VwVUEmd7WMFxDIGWHMiUe
9915,9915,Steve Cole,With You All The Way,259520,2013,0.674,0.583,10,-8.82,0.0311,0.188,0.83,0.133,0.657,103.86399999999999,spotify:track:1vMh7Sh033AfUsTIjlMkxl
9916,9916,George Benson,Fingerlero,220000,2013,0.7170000000000001,0.6559999999999999,1,-8.144,0.0471,0.562,0.254,0.0852,0.8029999999999999,112.037,spotify:track:5G6rlHhkYJgRRMntoIxxf9
9917,9917,Craig Sharmat,Surfing The Caspian Sea,292240,2013,0.601,0.8340000000000001,0,-6.499,0.0349,0.25,0.0302,0.16,0.795,100.014,spotify:track:7nO7I24TSpXen4bbNM7Bz3
9918,9918,Cal Harris Jr ,Smooth,282573,2013,0.705,0.589,9,-9.408,0.0402,0.35100000000000003,0.353,0.0853,0.461,94.301,spotify:track:6gevtuISNHi86O41X4zOsO
9919,9919,Bluey,Take A Chance On Me,307440,2013,0.66,0.698,4,-8.076,0.0414,0.182,0.00021600000000000002,0.115,0.821,91.99600000000001,spotify:track:21NadvuSXRfIPrTjXhWccT
9920,9920,Walter Beasley,Groove In You ,309186,2013,0.6709999999999999,0.6679999999999999,10,-9.067,0.0397,0.414,0.336,0.695,0.718,92.958,spotify:track:5i1VQACvqcGIl1SGAQzqyy
9921,9921,Lin Rountree,We Chill,242221,2013,0.581,0.564,6,-9.539,0.0724,0.392,0.4,0.24,0.41,89.675,spotify:track:7A6BgDW6BVyi1ZGM9y4nqU
9922,9922,"Harry Connick, Jr.",One Fine Thing,219853,2013,0.8140000000000001,0.308,10,-13.034,0.0347,0.7020000000000001,0.0542,0.105,0.522,114.09,spotify:track:79bObaLnajAgpR3ODhtvUE
9923,9923,Euge Groove,House Of Groove,332507,2013,0.701,0.634,5,-6.683,0.114,0.20800000000000002,0.767,0.0748,0.856,180.07299999999998,spotify:track:6gWJjrdbWvRoMiTG4QWDcY
9924,9924,George Duke,You Never Know,242840,2013,0.7070000000000001,0.515,2,-13.157,0.047,0.7929999999999999,0.0786,0.115,0.695,118.77600000000001,spotify:track:77MO2Gdvdjpdyu9hFOLZ09
9925,9925,Jonathan Butler,African Breeze,247120,2014,0.738,0.9359999999999999,1,-6.4239999999999995,0.0421,0.149,0.872,0.046,0.9670000000000001,114.04,spotify:track:3LAO3otIYmedxTZZ4S3LyD
9926,9926,Richard Elliot,Givin It Up,241307,2014,0.6759999999999999,0.621,1,-9.975,0.0289,0.293,0.6890000000000001,0.156,0.674,96.036,spotify:track:31gDZG7i3ui4oLmWnhN0mG
9927,9927,Jazz Funk Soul,Serious Business,272213,2014,0.818,0.754,2,-8.701,0.0397,0.0589,0.708,0.0734,0.8190000000000001,112.029,spotify:track:1RGC93FFBLWSQkueiS1swL
9928,9928,Brian Culbertson ,Horizon,268179,2014,0.409,0.787,7,-7.38,0.0409,0.0899,0.87,0.23399999999999999,0.544,149.885,spotify:track:15VzoKOsSCOldYzrVNMx68
9929,9929,Down To The Bone,The Sweetness,215152,2014,0.68,0.78,11,-7.256,0.0314,0.0588,0.847,0.12,0.9640000000000001,93.419,spotify:track:15ymfTqL0XVcsU3i2YMLpd
9930,9930,Brian Culbertson ,Fullerton Ave.,358677,2014,0.636,0.8,1,-5.827999999999999,0.0378,0.0996,0.575,0.0902,0.8370000000000001,163.986,spotify:track:05d9woIFCHdhrNlzYwhjSP
9931,9931,Vandell Andrew,Lets Ride,268667,2014,0.757,0.8029999999999999,5,-6.312,0.0801,0.535,0.871,0.331,0.626,104.991,spotify:track:1KL0cICy7R8yVHZ0NkI6Qm
9932,9932,Rick Braun,Get Up And Dance,265840,2014,0.75,0.635,2,-6.755,0.042,0.461,0.883,0.0538,0.789,98.031,spotify:track:3aMhv5HnO1DH6iQ2DZFO9R
9933,9933,Cindy Bradley,Riverside Jive,329875,2014,0.7709999999999999,0.731,10,-9.057,0.069,0.0753,0.884,0.125,0.7070000000000001,116.015,spotify:track:3QGiJidm1wain0HWZKJWq7
9934,9934,Jeff Lorber Fusion,Fab Gear,294267,2014,0.589,0.6759999999999999,1,-8.09,0.0601,0.629,0.7929999999999999,0.23800000000000002,0.698,178.024,spotify:track:6FFXja62eAcumNwg6vghkq
9935,9935,Mindi Abair,Haute Sauce,198160,2014,0.779,0.6729999999999999,2,-5.67,0.0405,0.639,0.669,0.41,0.705,149.968,spotify:track:615jX1Lqubwim0pcKAMP4c
9936,9936,Paul Taylor,Supernova,312507,2014,0.6920000000000001,0.616,6,-7.142,0.0287,0.122,0.402,0.124,0.287,101.943,spotify:track:2DIMzNgShyOu2jArbFCeFz
9937,9937,Al Jarreau ,Bring Me Joy,276160,2014,0.664,0.391,1,-12.993,0.0255,0.838,0.0903,0.134,0.285,110.976,spotify:track:7CpMLCj3tPYyliu3KtdB9R
9938,9938,Chris Standring,Sneakin Out The Front Door,234921,2014,0.795,0.72,4,-7.4270000000000005,0.0609,0.142,0.015,0.127,0.696,99.991,spotify:track:5UgvYsCVFg6G2EqrRlZFee
9939,9939,Boney James,Sunset Boulevard,247787,2014,0.643,0.485,10,-9.922,0.0342,0.38799999999999996,0.8590000000000001,0.07400000000000001,0.544,93.0,spotify:track:3F5nV1UHZSiRscQQ6MwgIk
9940,9940,Euge Groove,Got 2 Be Groovin ,263987,2014,0.84,0.887,10,-5.43,0.0439,0.38,0.938,0.0687,0.816,119.96,spotify:track:5tRubIa0R9FRhH98xrLmwz
9941,9941,Nathan East,Daft Funk,287160,2014,0.6940000000000001,0.8290000000000001,4,-5.671,0.0298,0.0531,0.275,0.0775,0.9490000000000001,112.00399999999999,spotify:track:0tgGNtJNQfD6I6F1DuqEoc
9942,9942,Vincent Ingala ,Kimi Trick,245933,2014,0.483,0.672,5,-8.325,0.0479,0.299,0.7490000000000001,0.0632,0.544,169.792,spotify:track:7z583DYFlzXS3wzO6uThc9
9943,9943,Boney James,Dont You Worry Bout A Thing,296893,2014,0.575,0.479,7,-10.837,0.0289,0.508,0.0302,0.0786,0.34,115.02,spotify:track:1ECj0h5eVmX6ZERWQfNr33
9944,9944,Nick Colionne,Got To Keep It Moving,291133,2014,0.675,0.82,8,-5.754,0.0313,0.16899999999999998,0.365,0.0703,0.892,100.023,spotify:track:533Si56MQY6vyY1SyuSWvY
9945,9945,Phil Perry ,Where Is The Love?,218160,2014,0.754,0.625,5,-7.3260000000000005,0.0296,0.39799999999999996,1.1400000000000001e-05,0.11199999999999999,0.688,108.005,spotify:track:3mMJmbrTmZxAQN6IIcnLCC
9946,9946,generation neXt ,Let It Ride,230421,2014,0.732,0.731,5,-7.671,0.0337,0.0728,0.32899999999999996,0.0794,0.7859999999999999,112.98899999999999,spotify:track:2DklVfRoBfvvWo9KFCr3Er
9947,9947,Gerald Albright,Slam Dunk,280107,2014,0.8220000000000001,0.934,5,-5.659,0.129,0.23600000000000002,0.835,0.0669,0.7609999999999999,109.041,spotify:track:7mSAW4ke915ZwPQQUL0mtF
9948,9948,Kim Waters,Dreaming Of You,304053,2014,0.701,0.748,0,-7.058,0.0312,0.237,0.885,0.0967,0.768,110.973,spotify:track:2qz2KIpGhOm9VryUrs1a2h
9949,9949,bwb,Shake Your Body ,313160,2014,0.722,0.846,0,-9.478,0.0424,0.39899999999999997,0.273,0.27699999999999997,0.86,117.963,spotify:track:0RyyMJotpDbfrwTHQ4vsCf
9950,9950,Michael Lington,Uptown Groove,311853,2014,0.7040000000000001,0.713,10,-6.829,0.0381,0.0227,0.804,0.0638,0.72,115.01100000000001,spotify:track:0BHRErXfGrbZZkK8TWmiB0
9951,9951,Nicholas Cole ,Snap,266693,2014,0.703,0.597,11,-9.447000000000001,0.0498,0.293,0.5589999999999999,0.076,0.852,87.495,spotify:track:5D2Qxk1RDsXMIb7a9HciKI
9952,9952,Doc Powell,Love On Top,257547,2014,0.624,0.7829999999999999,7,-5.867999999999999,0.0295,0.27899999999999997,0.46,0.244,0.603,96.006,spotify:track:1lwENWpBFxAr02UifeO1Fm
9953,9953,Oli Silk ,At Your Service,211154,2014,0.866,0.667,4,-6.825,0.0442,0.695,0.777,0.142,0.855,124.965,spotify:track:2t1yYaCJ01Esx4HaOkD43F
9954,9954,Paul Hardcastle ,"Unlimited Love, Pt. 1",238790,2014,0.637,0.696,7,-10.289000000000001,0.0302,0.517,0.8170000000000001,0.273,0.833,84.99700000000001,spotify:track:4i23dBYFBbX0CQBJz3OF4y
9955,9955,Najee,Champs Elysees,404653,2014,0.7879999999999999,0.5870000000000001,8,-6.732,0.0418,0.175,0.7829999999999999,0.0799,0.633,107.001,spotify:track:5YeNfojPcDnkB4Ivsm020p
9956,9956,Bob Baldwin ,Chameleon 3000,354827,2014,0.716,0.589,1,-8.471,0.0553,0.135,0.161,0.187,0.745,95.01700000000001,spotify:track:33LzDOitICeZNiRyPfzj3M
9957,9957,Bob Baldwin ,Seabreeze,350720,2014,0.598,0.691,10,-10.452,0.0336,0.0219,0.925,0.358,0.5429999999999999,103.024,spotify:track:2cHcH1SHrzTm5ijnLNWZ40
9958,9958,Michael Lington,Soul Appeal,291813,2014,0.747,0.607,0,-7.393,0.0303,0.0217,0.843,0.0837,0.479,99.022,spotify:track:5YxASsAmNjVTs4oNTGgq17
9959,9959,Ken Navarro,Ruby Lane,309507,2014,0.637,0.53,6,-12.485,0.0369,0.6729999999999999,0.861,0.191,0.569,94.007,spotify:track:5U6zkSLs7wbQqyHUtxer5E
9960,9960,Chieli Minucci ,Blue Lagoon,247187,2014,0.767,0.574,11,-10.936,0.0339,0.318,0.897,0.152,0.9079999999999999,134.998,spotify:track:66im7WtG51eVJsFpWi0Arv
9961,9961,Patrick Lamb,Savoir Faire,238408,2014,0.652,0.743,5,-6.341,0.0319,0.0757,0.0586,0.10300000000000001,0.605,109.986,spotify:track:49KDlWhMAN69qFsNEWdVvB
9962,9962,Paul Brown,Take It From Me,247080,2014,0.79,0.619,6,-9.298,0.0565,0.20800000000000002,0.731,0.07400000000000001,0.879,139.976,spotify:track:62jRZzYyD1Ip5xPGm9MzF0
9963,9963,Greg Manning,Cruisin Down The Road,268693,2014,0.8390000000000001,0.711,1,-7.601,0.0405,0.11,0.7070000000000001,0.0849,0.669,118.01700000000001,spotify:track:4h7wyDyl7cImqQmW8b9CqI
9964,9964,Herb Alpert ,Green Lemonade,244667,2014,0.889,0.49,7,-11.817,0.0441,0.659,0.9059999999999999,0.0827,0.8859999999999999,119.95299999999999,spotify:track:54QUSunRoCrh5OMC9ZBhZP
9965,9965,Gregg Karukas,Elegant Nights,229977,2014,0.5539999999999999,0.545,7,-10.537,0.0305,0.204,0.174,0.0694,0.591,171.97,spotify:track:5moWa7bCtoHfg6G5UkhGMV
9966,9966,Blake Aaron,Groove-O-Matic,213653,2014,0.831,0.632,9,-7.231,0.0441,0.319,0.332,0.0921,0.899,117.984,spotify:track:6lkq3o0rzdIa5g9HkUrsBo
9967,9967,Jumaane Smith ,I Only Have Eyes For You,203613,2014,0.648,0.5579999999999999,5,-9.277999999999999,0.0621,0.6990000000000001,0.000305,0.20600000000000002,0.601,100.01700000000001,spotify:track:7GfPmbshNOl2GwHsRrcel3
9968,9968,Dianne Reeves ,I Want You,297093,2014,0.536,0.526,0,-8.962,0.076,0.6940000000000001,0.000393,0.0781,0.38799999999999996,165.889,spotify:track:1M5N9s8PL9xfpxXvr1ipeU
9969,9969,Peter White,Head Over Heels,314147,2014,0.7340000000000001,0.866,9,-4.6419999999999995,0.0295,0.0932,0.856,0.0403,0.794,109.986,spotify:track:1HX9IJSbSXAlGeKqzUB47b
9970,9970,Craig Sharmat,Agua Do Brasil,256933,2014,0.685,0.731,2,-9.085,0.034,0.149,0.6759999999999999,0.18100000000000002,0.731,95.03399999999999,spotify:track:28OiOpCdNA5dqYFZqbsuRB
9971,9971,Brian Culbertson,Think Free ,271047,2015,0.498,0.7020000000000001,10,-8.937000000000001,0.0491,0.17,0.6890000000000001,0.45299999999999996,0.657,201.90200000000002,spotify:track:0A1qoaQWZiv46eBA48i2Ub
9972,9972,Gregg Karukas ,Rio Drive,292851,2015,0.6459999999999999,0.705,0,-11.386,0.0331,0.41100000000000003,0.29100000000000004,0.0686,0.7120000000000001,109.04700000000001,spotify:track:1lMMIopEFQW7mWhzRbcrfE
9973,9973,Julian Vaughn ,Ride Along,222376,2015,0.764,0.779,11,-6.564,0.0418,0.19899999999999998,0.615,0.262,0.774,107.97,spotify:track:3FBw1JdX3aoqdnLUZENXm9
9974,9974,Rick Braun,Silk,335400,2015,0.733,0.53,10,-10.276,0.035,0.72,0.747,0.0505,0.718,95.03399999999999,spotify:track:1KXOfTQldUODRAqM6cFyOd
9975,9975,Richard Elliot,Lip Service,275773,2015,0.48,0.5489999999999999,5,-10.016,0.0518,0.435,0.753,0.052000000000000005,0.7509999999999999,87.274,spotify:track:1zTSI03CU30W7w0b6Wxpx7
9976,9976,Gerald Albright,Because Of You,316107,2015,0.585,0.657,10,-7.785,0.0574,0.58,0.0151,0.127,0.466,84.529,spotify:track:6neOhWrEXAny5DKmVGnlHo
9977,9977,Boney James,Drumline,257373,2015,0.7240000000000001,0.753,11,-8.181000000000001,0.0451,0.331,0.68,0.13,0.7509999999999999,96.993,spotify:track:329yKmIFBF5PreE7MIjEjq
9978,9978,Vincent Ingala,Coast To Coast,266555,2015,0.85,0.861,10,-6.775,0.0314,0.0935,0.799,0.0357,0.971,116.969,spotify:track:64fWWEsO9dDjvKALL38zmL
9979,9979,Marion Meadows ,Humanity,261587,2015,0.7190000000000001,0.7979999999999999,7,-8.495,0.0464,0.795,0.8220000000000001,0.24600000000000002,0.7170000000000001,119.999,spotify:track:2gTmU4BhbxdE0b9v5EiuvC
9980,9980,Kenny G,Bossa Real,456627,2015,0.605,0.6409999999999999,0,-9.724,0.0311,0.4,0.754,0.12300000000000001,0.625,141.923,spotify:track:7DJ9IY9ZrLLrbGiKaRrPAK
9981,9981,Kim Waters,Go-Go Smooth,295547,2015,0.6579999999999999,0.672,2,-6.434,0.0395,0.0699,0.8290000000000001,0.132,0.503,94.025,spotify:track:53RidfdR92rJr96QOH5Cgi
9982,9982,Jonathan Fritzen,A New Beginning,347130,2015,0.64,0.721,2,-8.474,0.0333,0.44,0.752,0.0784,0.542,138.984,spotify:track:4FvrBzlxNN2SlD57Xoe7nD
9983,9983,Rick Braun,Back To Back,266627,2015,0.747,0.763,2,-6.483,0.0278,0.0782,0.743,0.193,0.902,113.978,spotify:track:0ebVPiaJmVM0Q3v3TXQFm7
9984,9984,Nick Colionne,When You Love Somebody,264440,2015,0.574,0.7120000000000001,8,-6.43,0.0332,0.33799999999999997,0.664,0.0791,0.8440000000000001,79.986,spotify:track:3sUlkxJZ3KtHFFuNo8Yhdt
9985,9985,Jonathan Butler,Catembe,227067,2015,0.7609999999999999,0.5760000000000001,9,-6.886,0.0502,0.595,0.919,0.0494,0.81,163.979,spotify:track:4r8vswEmQoVpoB1BIsVgME
9986,9986,Jeff Golub ,Swagster,258907,2015,0.816,0.5429999999999999,5,-6.704,0.0307,0.34600000000000003,0.429,0.0964,0.634,115.00399999999999,spotify:track:40iKSNduUhxthzNnj0VlN2
9987,9987,James Lloyd,Play It Forward,248510,2015,0.611,0.8190000000000001,7,-7.1739999999999995,0.0291,0.28600000000000003,0.883,0.325,0.853,98.041,spotify:track:5wdQvhwvPWZkjaff8vKKZb
9988,9988,Walter Beasley,Im Back,240933,2015,0.912,0.568,10,-7.465,0.0563,0.0332,0.39299999999999996,0.0938,0.621,100.339,spotify:track:1weCgYoZNfW496mYMdBnMp
9989,9989,Brian Simpson,Sky Watcher,242074,2015,0.604,0.586,1,-11.998,0.0424,0.718,0.9109999999999999,0.0628,0.575,166.03099999999998,spotify:track:6fL5Bg8dzMTnmYz9NVnFGf
9990,9990,The Sax Pack,Sooner Or Later,228457,2015,0.7040000000000001,0.8059999999999999,5,-7.327000000000001,0.0345,0.107,0.878,0.27399999999999997,0.794,120.008,spotify:track:3DnM1c2EtwMLVTEP46SdDE
9991,9991,Cindy Bradley,Bliss,314312,2015,0.617,0.594,2,-9.527000000000001,0.0345,0.461,0.799,0.122,0.513,91.964,spotify:track:0fOtanczwW8mMxg9tnIeDc
9992,9992,Gregg Karukas,Elegant Nights,229977,2015,0.5539999999999999,0.545,7,-10.537,0.0305,0.204,0.174,0.0694,0.591,171.97,spotify:track:5moWa7bCtoHfg6G5UkhGMV
9993,9993,Paul Hardcastle,Rhythm Of Life,206846,2015,0.617,0.5589999999999999,10,-12.207,0.0369,0.0226,0.879,0.0615,0.632,115.0,spotify:track:6laDdOTvj0IaEOrmM5gvn5
9994,9994,Jonathan Butler,Sweet Serenade,277907,2015,0.621,0.585,10,-9.777999999999999,0.0718,0.65,0.774,0.17,0.594,174.39,spotify:track:6mzNpv0eWZg0n4T5R1F3Aj
9995,9995,Jeff Golub,Open Up,212720,2015,0.7659999999999999,0.62,5,-7.419,0.0391,0.539,0.7559999999999999,0.09699999999999999,0.769,131.013,spotify:track:1uoHwDj3TDYhDvSU6t3NXa
9996,9996,Nick Colionne,Slammin,307120,2015,0.647,0.9259999999999999,5,-4.942,0.034,0.525,0.584,0.307,0.828,112.05799999999999,spotify:track:1dPaDiP3R3QK7znn4ZaG2j
9997,9997,The JT Project,Jetsetter,226805,2015,0.674,0.6809999999999999,10,-8.154,0.0313,0.0124,0.922,0.10099999999999999,0.691,106.98100000000001,spotify:track:3Lk0tIRS0AXzU4qlMdJTZU
9998,9998,Ben Tankard ,Right Turn Ahead,223480,2015,0.716,0.675,11,-9.995,0.0376,0.193,0.8540000000000001,0.24600000000000002,0.688,118.00200000000001,spotify:track:2756Cb3SllywaDlJTUevk8
9999,9999,Al Jarreau ,SomeBossa ,281787,2015,0.603,0.5429999999999999,1,-11.937999999999999,0.0336,0.231,0.0465,0.132,0.597,150.077,spotify:track:7gsQd7kBlY4vHM24Pr5cKw
10000,10000,Ben Tankard ,Rainy Sunday,221187,2015,0.638,0.73,1,-8.533999999999999,0.0351,0.156,0.248,0.217,0.779,87.984,spotify:track:4Z3doYsQ7L3o0TPHZhk0vF
10001,10001,Jeff Lorber Fusion,The Steppe,320720,2015,0.652,0.631,0,-8.461,0.0299,0.542,0.8059999999999999,0.15,0.5720000000000001,141.81,spotify:track:73UdtTfE26aXut1aJV7WRT
10002,10002,Paul Brown,Stay Sly,287080,2015,0.8490000000000001,0.552,4,-10.61,0.0343,0.55,0.754,0.429,0.767,95.979,spotify:track:0Ybuf8m9FuwMFQYcGy61ZW
10003,10003,Dave Koz And Friends,All You Need Is Love,341507,2015,0.505,0.513,7,-7.7620000000000005,0.0597,0.5760000000000001,0.0,0.133,0.452,76.07600000000001,spotify:track:06TQcV8pV530B1IuMSuieQ
10004,10004,Diana Krall,I Cant Tell You Why,220347,2015,0.547,0.359,6,-12.44,0.0313,0.873,0.000819,0.1,0.433,169.99200000000002,spotify:track:5GAh0yww213mHRQGyDHwk7
10005,10005,Four80East,Cookie Strut,328943,2015,0.735,0.66,5,-8.558,0.0316,0.37799999999999995,0.8079999999999999,0.0941,0.836,98.00399999999999,spotify:track:62VAajz7Jfht7RvsYXgNdD
10006,10006,Lebron,Red Hook,246847,2015,0.698,0.6920000000000001,5,-6.77,0.0542,0.26899999999999996,0.489,0.08199999999999999,0.428,102.494,spotify:track:3p62uBHpQDVfIIqitaRfuC
10007,10007,Boney James,Vinyl,246933,2015,0.628,0.434,11,-10.625,0.0304,0.456,0.8540000000000001,0.113,0.272,80.031,spotify:track:3aN7Idv8COs5tmYtPElftz
10008,10008,Jessy J,The Tango Boy,266808,2015,0.7959999999999999,0.622,0,-6.662999999999999,0.0369,0.248,0.8190000000000001,0.102,0.7190000000000001,128.029,spotify:track:1TKwY3plBgGhzYa16E8Vf2
10009,10009,Euge Groove,Miss Bane,291227,2015,0.7829999999999999,0.546,8,-5.044,0.0336,0.258,0.222,0.209,0.6,89.96799999999999,spotify:track:5oP2A02rPO8Gqd7SXKCKwu
10010,10010,Peter White,Head Over Heels,314147,2015,0.7340000000000001,0.866,9,-4.6419999999999995,0.0295,0.0932,0.856,0.0403,0.794,109.986,spotify:track:1HX9IJSbSXAlGeKqzUB47b
10011,10011,Nelson Rangell,Point Of Departure,375387,2015,0.595,0.765,8,-3.3369999999999997,0.0321,0.512,0.759,0.306,0.392,122.79899999999999,spotify:track:0nrKtrzDm75tJdLCAJ2l29
10012,10012,David Sanborn,Ordinary People,313373,2015,0.655,0.42100000000000004,6,-8.548,0.0445,0.669,0.904,0.0808,0.564,76.907,spotify:track:50fmDO7MlzQkQFMUgsbvTO
10013,10013,Jazz Funk Soul,Speed Of Light,270440,2015,0.716,0.5,10,-10.825,0.0437,0.11800000000000001,0.595,0.268,0.847,91.00200000000001,spotify:track:505s0mWgsrNblwqecUfKyz
10014,10014,Gerald Albright,"Its A Mans, Mans, Mans World",343640,2015,0.605,0.514,2,-6.66,0.0557,0.402,0.9009999999999999,0.10099999999999999,0.35200000000000004,119.774,spotify:track:5ttZ1pvgyKJAQQHD1q3Gqb
10015,10015,Blake Aaron,Wes Side Story,282213,2015,0.82,0.8029999999999999,5,-9.727,0.0645,0.557,0.000144,0.187,0.768,155.988,spotify:track:41eFhiqf3MFenBBtrt7Vwn
10016,10016,Fourplay,Silverado,355707,2016,0.7829999999999999,0.838,8,-6.104,0.0408,0.172,0.846,0.142,0.963,142.016,spotify:track:64qMb8ETxBq4EzO83gKN8X
10017,10017,Darren Rahn,D-Luxe,274360,2016,0.542,0.851,7,-6.667000000000001,0.0402,0.00536,0.10400000000000001,0.35,0.5760000000000001,100.031,spotify:track:4iPPijHFZ4UilbdKgkUwag
10018,10018,Lindsey Webster,Fool Me Once,234933,2016,0.774,0.371,10,-9.456,0.0279,0.318,6.45e-05,0.107,0.387,104.985,spotify:track:5TK2vvW5QOHkRtUBBRJWH3
10019,10019,Boney James,A Little Attitude,241693,2016,0.6679999999999999,0.67,10,-8.519,0.0444,0.382,0.8590000000000001,0.0913,0.7040000000000001,99.992,spotify:track:4Y6pgapJDF8rRvWC3QpHNu
10020,10020,bwb,bwb,302880,2016,0.7609999999999999,0.556,5,-7.337999999999999,0.0347,0.6579999999999999,0.223,0.0981,0.878,114.999,spotify:track:4O3wWcfxrGYoXSVga2HqVY
10021,10021,Pieces Of A Dream,All In,272392,2016,0.688,0.604,0,-6.775,0.0346,0.0449,0.778,0.0797,0.503,103.12700000000001,spotify:track:29hNc82tPg2l9xEjIiEVtw
10022,10022,Chris Standring,Soul Vibration,266339,2016,0.831,0.474,9,-10.47,0.0545,0.6509999999999999,0.507,0.0646,0.588,93.005,spotify:track:5KaSTemL2bEHw5HDFFIZyB
10023,10023,"Paul Jackson, Jr.",B.F.A.M. ,257747,2016,0.6990000000000001,0.727,0,-7.831,0.0356,0.36200000000000004,0.255,0.162,0.639,100.96799999999999,spotify:track:0D1zEaSLgz7lgzHblJIKo9
10024,10024,Lindsey Webster,Open Up,267373,2016,0.579,0.513,6,-8.722999999999999,0.026000000000000002,0.0816,0.00248,0.111,0.223,92.04,spotify:track:3U7wpFeHSvelAkiP3vJYEm
10025,10025,Chris Standring,Ready Steady Flow,269182,2016,0.893,0.586,7,-10.121,0.0379,0.336,0.39,0.342,0.828,105.021,spotify:track:1WLWpmFvwdB0agY07sY5qz
10026,10026,Fourplay,Anniversario,250827,2016,0.633,0.662,1,-6.848,0.0315,0.728,0.9390000000000001,0.217,0.258,94.95700000000001,spotify:track:0wlpmzoL85GE7rBoPtd0HN
10027,10027,Nick Colionne,The Journey,216133,2016,0.8809999999999999,0.591,11,-7.1739999999999995,0.0444,0.157,0.494,0.0791,0.893,125.02,spotify:track:41kf2GHhNOwForAw6VMHZS
10028,10028,Dave Koz ,Good Foot,252800,2016,0.845,0.595,1,-6.985,0.040999999999999995,0.0614,0.8640000000000001,0.0264,0.889,114.90100000000001,spotify:track:6npXRoB9nLD9RxaUXPg7g8
10029,10029,ThreeStyle ,A Little Longer,251935,2016,0.6629999999999999,0.484,3,-10.087,0.0396,0.392,0.7829999999999999,0.134,0.322,87.948,spotify:track:1bExJnKvb26ku7vBHKeLNY
10030,10030,The JT Project,Overdrive,234700,2016,0.623,0.574,10,-7.226,0.0315,0.111,0.253,0.107,0.721,132.118,spotify:track:6eXXsNSIvmNO0NJiQvuMQI
10031,10031,3rd Force,Big Shot,264280,2016,0.721,0.868,9,-5.72,0.0388,0.11199999999999999,0.0892,0.0389,0.882,99.99799999999999,spotify:track:0NTs96jeKN0YCKOb3tyGZl
10032,10032,Jeff Lorber Fusion,Get Up,259200,2016,0.8109999999999999,0.677,9,-8.625,0.0375,0.18,0.904,0.127,0.924,120.587,spotify:track:4fKI5y504NPjneNqPGaTSg
10033,10033,Philippe Saisse Trio ,And So But Then,234493,2016,0.716,0.779,7,-6.651,0.0548,0.509,0.623,0.107,0.792,95.09299999999999,spotify:track:4MczPrFzN11DVqxma07mlO
10034,10034,3rd Force,Breakout,278213,2016,0.6829999999999999,0.7959999999999999,5,-7.526,0.0289,0.254,0.94,0.0829,0.838,98.00399999999999,spotify:track:3bhtzKM37dHJYIamePqGVP
10035,10035,Steve Cole,Mirage,309280,2016,0.6659999999999999,0.591,7,-8.925,0.0356,0.41,0.904,0.182,0.40299999999999997,119.904,spotify:track:1xv2346j9ELh8GaRVSvRHZ
10036,10036,Julian Vaughn,Initiate,237502,2016,0.742,0.716,5,-6.716,0.0289,0.0537,0.8220000000000001,0.0841,0.8220000000000001,109.02,spotify:track:0ydwNNq9T5rfmdLYOgMNvF
10037,10037,Euge Groove,Still Euge,315893,2016,0.877,0.743,10,-4.473,0.0618,0.45899999999999996,0.652,0.375,0.526,120.03,spotify:track:22BL9enOUXpwVAR289tLsP
10038,10038,Vincent Ingala,When Im With You,230955,2016,0.6809999999999999,0.769,5,-6.922999999999999,0.0278,0.0775,0.795,0.0688,0.745,95.012,spotify:track:18D6rAWWKAJ4fmehRs36ZO
10039,10039,Gregg Karukas ,Only You,285021,2016,0.594,0.475,4,-12.655999999999999,0.0322,0.708,0.068,0.0836,0.426,67.502,spotify:track:4w43Q4EMtGpAIP0gNYHitx
10040,10040,Keiko Matsui,Moving On,284707,2016,0.657,0.7170000000000001,5,-9.467,0.0333,0.276,0.9159999999999999,0.0825,0.904,145.054,spotify:track:54KUvacSB2CvCjw4iRkD0Q
10041,10041,Julian Vaughn,Youre Mine,257458,2016,0.579,0.5770000000000001,2,-8.584,0.0306,0.353,0.8690000000000001,0.132,0.561,81.994,spotify:track:1JrJUyPhrTeOYEWKkXqgi3
10042,10042,Greg Manning,Sugar & Spice,251493,2016,0.9009999999999999,0.815,1,-4.546,0.0673,0.191,0.831,0.0497,0.785,139.996,spotify:track:2oZ0fV4GVFxYhZgH1RStTO
10043,10043,Rick Braun,Can You Feel It,246333,2016,0.828,0.725,10,-6.531000000000001,0.0648,0.198,0.26,0.0238,0.8,104.98700000000001,spotify:track:6vAoQ85YKdpJzthDC1frfN
10044,10044,Mark Etheredge ,Connected,228453,2016,0.706,0.565,0,-12.089,0.0277,0.0954,0.879,0.158,0.853,104.012,spotify:track:1TiucTNqkNw6bLYzmKLptL
10045,10045,John Novello ,Crush,256200,2016,0.7140000000000001,0.7170000000000001,1,-8.504,0.0299,0.18,0.309,0.121,0.821,114.986,spotify:track:0I327LFGEdKwoUyKBKCY8Q
10046,10046,Marion Meadows ,Magic Men,253880,2016,0.726,0.632,7,-6.99,0.0606,0.805,0.6829999999999999,0.12300000000000001,0.733,100.05799999999999,spotify:track:0O48vjDcLfMWqGcaXYssQe
10047,10047,Marc Antoine,Laguna Beach,225572,2016,0.8140000000000001,0.493,9,-9.676,0.0343,0.115,0.738,0.26,0.75,100.01299999999999,spotify:track:5Fmrx13Zzf1kDGHzNCuQA2
10048,10048,Jeff Lorber Fusion,Soul Party,351800,2016,0.792,0.631,1,-9.371,0.0631,0.11699999999999999,0.72,0.195,0.8490000000000001,95.956,spotify:track:5SsM7aWcfSd0ap4Sh5GZXl
10049,10049,Euge Groove ,Forever And A Day,289800,2016,0.741,0.7240000000000001,9,-4.6739999999999995,0.0402,0.34700000000000003,0.0325,0.305,0.607,91.01700000000001,spotify:track:7vZvV6oI3OeasZvFMmda2N
10050,10050,Cindy Bradley,Lost And Found,262813,2016,0.7040000000000001,0.568,1,-11.802999999999999,0.0367,0.335,0.925,0.324,0.687,90.977,spotify:track:4CEIYKAVpKC69q3SlPRjnX
10051,10051,Kim Waters,Bring It,269408,2016,0.8170000000000001,0.7390000000000001,5,-6.138999999999999,0.0373,0.0543,0.43799999999999994,0.0785,0.73,101.025,spotify:track:3wvM1YXoIi4GkCe66usv1i
10052,10052,The Rippingtons ,Wild Tales,270133,2016,0.631,0.873,7,-6.4910000000000005,0.0309,0.00025699999999999996,0.628,0.287,0.38799999999999996,122.03,spotify:track:463sMWdEGB9NTvu988dd2R
10053,10053,Oli Silk,Take Me Away,300067,2016,0.755,0.8740000000000001,1,-6.1979999999999995,0.0278,0.35200000000000004,0.19699999999999998,0.0545,0.841,108.02,spotify:track:658CvbkrEopGPWDktFqgBF
10054,10054,Chuck Loeb,Cotton Club,306183,2016,0.782,0.61,0,-10.276,0.0323,0.588,0.537,0.10800000000000001,0.863,123.99600000000001,spotify:track:3gz2GCk66bIFDquBWTmppV
10055,10055,Brian Culbertson,Been Around The World,279214,2016,0.693,0.885,5,-5.627999999999999,0.047,0.0153,0.0917,0.145,0.8009999999999999,100.01100000000001,spotify:track:02cVdVecr7C8FnsKtgCT2n
10056,10056,Brian Simpson ,When I Say Your Name,233043,2016,0.71,0.47600000000000003,10,-11.011,0.0272,0.161,0.889,0.151,0.4,100.01799999999999,spotify:track:0OmfbO96LQk1oRjidMy8bD
10057,10057,Michael Lington ,Beale Street,267493,2016,0.6679999999999999,0.758,10,-5.631,0.0249,0.00158,0.877,0.0492,0.7090000000000001,119.973,spotify:track:41p6JAPlHrBJkxVYj4Dk4e
10058,10058,Jonathan Butler,Show Me The Way,297373,2016,0.8420000000000001,0.539,1,-8.136000000000001,0.0331,0.20199999999999999,2.68e-05,0.0404,0.883,99.986,spotify:track:7EA79TitxitLHQUV4piA4c
10059,10059,Nicholas Cole,The Kickback,226793,2016,0.835,0.759,5,-5.794,0.0399,0.00231,0.805,0.096,0.877,121.992,spotify:track:2bp05Wa1SIbR2pGFMZyIPM
10060,10060,bwb,Triple Dare,237653,2016,0.73,0.637,5,-6.404,0.0687,0.7,0.0199,0.191,0.825,90.91799999999999,spotify:track:6qMnIdwu5hjx4a8sRc97xW
10061,10061,Elan Trotman ,Thoughts Of Summer,262740,2016,0.634,0.72,10,-6.787999999999999,0.0672,0.0744,0.71,0.17800000000000002,0.444,89.97,spotify:track:3vHgV5Sv1l9IF4g7B3VKzZ
10062,10062,Peter White,Do I Do,295600,2017,0.701,0.805,11,-6.388,0.0271,0.19399999999999998,0.8140000000000001,0.0501,0.76,105.01100000000001,spotify:track:1bT95Vr8PhZ4zz0H03OvS0
10063,10063,Lindsey Webster,Where Do You Want To Go,335592,2017,0.747,0.344,2,-13.323,0.0352,0.506,0.0,0.33,0.294,128.009,spotify:track:0bqJ3LAjloPpQb8aUAzpJH
10064,10064,Norman Brown,It Keeps Coming Back,249300,2017,0.593,0.63,10,-8.86,0.0306,0.674,0.9079999999999999,0.36700000000000005,0.623,91.988,spotify:track:6n5vmGSzSdv1aRTdZyEbZf
10065,10065,Adam Hawley,Joy Ride,289640,2017,0.804,0.764,7,-6.107,0.0335,0.0885,0.6,0.134,0.79,119.994,spotify:track:6FVamRdJI721Au8qXV2j71
10066,10066,Marc Antoine ,Why Not,205483,2017,0.759,0.635,5,-8.82,0.0271,0.38299999999999995,0.7070000000000001,0.0891,0.888,105.012,spotify:track:7JoiJN4EnfiyKAHD9iUjpq
10067,10067,Nick Colionne,Morning Call,237187,2017,0.777,0.6579999999999999,7,-8.497,0.0441,0.16399999999999998,0.7240000000000001,0.0495,0.7020000000000001,103.948,spotify:track:7xfyrOPTczo41tfbEPS9ds
10068,10068,Brian Culbertson,Hey Girl,276148,2017,0.662,0.7140000000000001,5,-6.444,0.0275,0.13,0.774,0.18,0.851,144.082,spotify:track:3NeQ9VJyxEtGYsr0UeKu6M
10069,10069,Special EFX,Lavish,245164,2017,0.6890000000000001,0.74,2,-8.641,0.0371,0.22699999999999998,0.485,0.107,0.47600000000000003,106.99600000000001,spotify:track:2Eg0qKpF9u5C0G71miseoh
10070,10070,Julian Vaughn,Bona Fide,243823,2017,0.639,0.861,11,-7.53,0.0738,0.0448,0.11599999999999999,0.21100000000000002,0.635,91.988,spotify:track:3iDfVUP6MJugTt6u4QnUL7
10071,10071,Gerald Albright,Boom Boom,271680,2017,0.816,0.715,5,-5.382999999999999,0.0515,0.313,0.526,0.0951,0.6659999999999999,97.988,spotify:track:3ZVrAWQ2SPocwpfeFobuAI
10072,10072,Jeff Lorber Fusion,Hyperdrive,296839,2017,0.816,0.7559999999999999,9,-9.556000000000001,0.0519,0.0192,0.7909999999999999,0.289,0.685,119.96700000000001,spotify:track:6rOBJBxhvYamwxj6RnW5Qy
10073,10073,Nathan East,Lifecycle,354533,2017,0.684,0.816,1,-5.984,0.0255,0.196,0.00813,0.307,0.5870000000000001,110.046,spotify:track:6UeV69QaXrzISZ5MdeX6Xs
10074,10074,Althea Rene,Gypsy Soul,222747,2017,0.795,0.557,7,-6.303,0.0735,0.722,0.13,0.115,0.618,96.021,spotify:track:660TXK5WaAa1YZD2MIY64j
10075,10075,bwb,I Want You Girl,278720,2017,0.732,0.535,9,-7.308,0.0243,0.45899999999999996,0.0127,0.0837,0.445,100.971,spotify:track:4nZEBHbkHHldcMC8aPEu2Y
10076,10076,Rick Braun ,We Dont Talk Anymore,243107,2017,0.677,0.48200000000000004,1,-11.408,0.0376,0.446,0.7290000000000001,0.11900000000000001,0.23399999999999999,97.988,spotify:track:22utSB5roKya6vMpvb3cMe
10077,10077,Riley Richard,Between You And I,239119,2017,0.6940000000000001,0.731,5,-5.516,0.0507,0.374,0.00607,0.0838,0.733,99.985,spotify:track:7un2zEOsnD9F307zJEU67E
10078,10078,Kayla Waters ,I Am,273591,2017,0.6970000000000001,0.7440000000000001,10,-8.012,0.0358,0.271,0.899,0.0606,0.731,99.51799999999999,spotify:track:6ZWF59kpL03gUwfNhwcJk3
10079,10079,Doc Powell ,So Cool,252747,2017,0.685,0.532,11,-11.967,0.0522,0.135,0.7709999999999999,0.0897,0.413,170.02599999999998,spotify:track:09wvsGUxDkEE78KBojkkyJ
10080,10080,Michael Lington,Midnight Drive,255467,2017,0.753,0.484,5,-9.267000000000001,0.0293,0.201,0.777,0.0681,0.677,108.985,spotify:track:6dWb9eR988bDmFML6aFv0R
10081,10081,Jazz Holdouts,Summer Nights,246933,2017,0.741,0.664,7,-10.106,0.0382,0.0142,0.782,0.10400000000000001,0.565,122.007,spotify:track:67oLrFL5RBuJ1MZMK8dEI6
10082,10082,Richard Elliot,Cachaca,243147,2017,0.736,0.835,2,-5.795,0.0649,0.267,0.765,0.14300000000000002,0.848,100.022,spotify:track:4cKdYSn1NdPawP7qCQrFH1
10083,10083,Richard Elliot,Harry The Hipster,271000,2017,0.848,0.8170000000000001,5,-6.734,0.0357,0.166,0.722,0.0619,0.894,102.98700000000001,spotify:track:4l6PLM2SUuQ1CPCYxiv7Ra
10084,10084,Nick Colionne,Uncle Nick,234000,2017,0.6859999999999999,0.629,0,-8.956,0.0439,0.397,0.9079999999999999,0.0801,0.725,104.0,spotify:track:11uJuAzT0gKwLeHKfIOb4M
10085,10085,Lindsey Webster,Back To Your Heart,306358,2017,0.695,0.43799999999999994,5,-11.662,0.0434,0.187,0.000344,0.0946,0.349,83.979,spotify:track:53xSclObwLHgD6n0RB8zcJ
10086,10086,Philippe Saisse Trio,Blue Rondo,305566,2017,0.809,0.731,11,-7.571000000000001,0.033,0.062,0.894,0.0814,0.885,125.001,spotify:track:4EncHN0sHlv1WGw13OmvZu
10087,10087,Tim Bowman,City Lights,253413,2017,0.664,0.7340000000000001,1,-9.132,0.0281,0.44299999999999995,0.794,0.11,0.737,114.006,spotify:track:3Kq7lY0D1GkxhDrkoZpqYb
10088,10088,John Novello ,Shuffle The Deck,242393,2017,0.696,0.648,0,-7.574,0.0326,0.389,0.000262,0.307,0.493,114.03299999999999,spotify:track:4M7xjfuxDUweN4VBy301k5
10089,10089,Vandell Andrew,Back At It,242645,2017,0.7879999999999999,0.667,9,-4.919,0.0386,0.47700000000000004,0.449,0.0473,0.695,107.941,spotify:track:4RpGLk10AcAhNa2tStTJdn
10090,10090,Cindy Bradley ,Category A,259397,2017,0.866,0.627,0,-8.419,0.0549,0.207,0.821,0.0876,0.871,114.973,spotify:track:0U7IZ5gebpIGJPH0ZzFtBV
10091,10091,Chris Standring,"Like This, Like That",280505,2017,0.784,0.462,5,-11.075999999999999,0.0404,0.716,0.8320000000000001,0.10800000000000001,0.833,124.99,spotify:track:7H7a3T9W8n7ECgVpPDmwjY
10092,10092,Walter Beasley,Dont Say A Word,189067,2017,0.912,0.40299999999999997,10,-9.205,0.142,0.302,0.49700000000000005,0.0981,0.5670000000000001,89.976,spotify:track:5N5SOhilARzHy17Jttf8dQ
10093,10093,Marcus Anderson,Will Power,217990,2017,0.695,0.583,1,-7.061,0.0259,0.163,0.0551,0.132,0.6629999999999999,112.99600000000001,spotify:track:7AFytWdd79w6A1VWSNqSB4
10094,10094,Paul Brown ,Piccadilly Circus,228933,2017,0.741,0.542,5,-11.173,0.0347,0.511,0.7829999999999999,0.0927,0.851,109.995,spotify:track:4Gfky41Zxr8c3aafHcT6ru
10095,10095,Cindy Bradley ,Girl Talk,245964,2017,0.836,0.7490000000000001,0,-7.365,0.038,0.358,0.595,0.0453,0.763,109.009,spotify:track:7kxYKXyxyqcLsMRQopFW4u
10096,10096,Paul Hardcastle,Echoes Rising,542840,2017,0.598,0.633,3,-12.324000000000002,0.0363,0.526,0.861,0.09300000000000001,0.86,93.001,spotify:track:4B0zZ6ugBZ9mHqjlEfGXYc
10097,10097,Brian Simpson,Wonderland,248430,2017,0.7559999999999999,0.667,5,-11.423,0.0347,0.257,0.92,0.146,0.7859999999999999,119.98899999999999,spotify:track:5Qrk4S62ZssqMVCGzCR6uZ
10098,10098,Vincent Ingala,Nasty,232153,2017,0.7959999999999999,0.652,10,-6.167999999999999,0.0724,0.0713,0.8109999999999999,0.0972,0.647,87.024,spotify:track:6MN6sFGruGtf5CjO3f0eL7
10099,10099,Brian Culbertson,Lets Take A Ride,225425,2017,0.782,0.815,2,-4.996,0.046,0.0454,0.27399999999999997,0.49700000000000005,0.6659999999999999,108.009,spotify:track:7y3UXCIUHfFsnQp8wwuVLj
10100,10100,Gerald Albright,Frankie B.,339147,2017,0.74,0.861,5,-3.677,0.0529,0.588,0.8270000000000001,0.34600000000000003,0.649,88.014,spotify:track:3aLzBKwK4XdHHKqoPdDq8t
10101,10101,Jazz Funk Soul,Tuesday Swings,352011,2017,0.777,0.731,5,-6.665,0.0431,0.55,0.00596,0.155,0.833,114.984,spotify:track:5ZhmjufX7xYdVFBGtkrKPZ
10102,10102,Skinny Hightower ,Taboo,263563,2017,0.58,0.893,5,-3.4819999999999998,0.0286,0.585,0.812,0.0768,0.888,89.999,spotify:track:1HYcmckKfDLrtZMOUMPtb5
10103,10103,Boney James,Tick Tock,247307,2017,0.753,0.475,5,-8.3,0.0643,0.508,0.8440000000000001,0.107,0.758,85.213,spotify:track:0WZi5284N4LSLchtML4jze
10104,10104,Eric Darius,Breakin Thru,270969,2017,0.723,0.868,5,-3.955,0.0649,0.0604,0.0436,0.153,0.852,118.02600000000001,spotify:track:0In4huETTZX9XmkZHPGATo
10105,10105,Al DeGregoris ,Everyday People,238760,2017,0.703,0.779,7,-5.67,0.0231,0.22399999999999998,0.8190000000000001,0.34,0.7909999999999999,110.03200000000001,spotify:track:4FmiXnbq9Wlft9RisoJ7AJ
10106,10106,Paul Brown,Hush,232227,2017,0.7559999999999999,0.601,8,-9.775,0.0306,0.611,0.522,0.0947,0.877,95.01299999999999,spotify:track:3zOYMYOcJaulwRNELxCVUO
10107,10107,Lindsey Webster,Next To Me,374398,2017,0.698,0.525,4,-15.072000000000001,0.0418,0.22899999999999998,0.0233,0.111,0.415,96.007,spotify:track:47IWGp8iVK9VCH1NHkcrjT
10108,10108,Jonathan Fritzen,Let It Go,239550,2017,0.602,0.529,0,-8.357999999999999,0.0336,0.7829999999999999,0.879,0.105,0.26899999999999996,137.92700000000002,spotify:track:608BrshGqXYGnq7JArRXn0
10109,10109,Adam Hawley ,I Dont Mind,255081,2017,0.78,0.505,5,-6.121,0.0348,0.604,0.563,0.0504,0.48,92.022,spotify:track:6Jwi62uHAa3RT6IlrsvZ7q
10110,10110,Blake Aaron,Vivid,280840,2017,0.772,0.856,11,-6.482,0.0287,0.429,0.823,0.266,0.965,115.059,spotify:track:49NVuQE0gl3TfCFfnZjLec
10111,10111,Special EFX,Deep As The Night,322146,2018,0.648,0.6729999999999999,7,-8.536,0.0315,0.19,0.0768,0.129,0.546,119.988,spotify:track:38ZpOcdxEKJPFv44effd04
10112,10112,Eric Valentine ,Velvet Groove,237029,2018,0.732,0.6890000000000001,6,-6.791,0.0593,0.28,0.79,0.115,0.738,95.007,spotify:track:2YKRhy9PI0jd0JZSi27sDe
10113,10113,Brian Culbertson,Colors Of Love,324048,2018,0.6459999999999999,0.613,11,-8.082,0.0278,0.0431,0.873,0.24600000000000002,0.40299999999999997,136.036,spotify:track:18ngbo8IEAQoNkt3LY3VXb
10114,10114,ThreeStyle ,Ready To Go,240300,2018,0.6829999999999999,0.7979999999999999,4,-6.768,0.0385,0.319,0.184,0.0762,0.6759999999999999,99.98,spotify:track:6aFbcAvsjTgQyfEw4M1hyz
10115,10115,Euge Groove,Groove On,282547,2018,0.677,0.816,4,-6.4510000000000005,0.0567,0.47200000000000003,0.7959999999999999,0.121,0.7140000000000001,152.086,spotify:track:5QNs9A5Tw2YAqXcfNdMybf
10116,10116,Brian Culbertson,Youre Magic,264593,2018,0.555,0.8009999999999999,7,-8.545,0.0287,0.016,0.8370000000000001,0.0866,0.502,152.974,spotify:track:5xEuHuOed8Mdq9d9fIhMm8
10117,10117,Julian Vaughn,18th & Vine,284806,2018,0.551,0.73,7,-6.921,0.0394,0.4,0.188,0.126,0.45899999999999996,77.94800000000001,spotify:track:1AQE0mpcgG3sEcJu7leYr5
10118,10118,Nick Colionne,Be Urself,250260,2018,0.7120000000000001,0.626,9,-8.538,0.0346,0.358,0.462,0.175,0.752,119.971,spotify:track:5kBp4BjVyVvyNhRXnjxmbG
10119,10119,Cindy Bradley,Everyone But You,311360,2018,0.613,0.667,5,-7.475,0.0317,0.748,0.855,0.511,0.44799999999999995,92.99700000000001,spotify:track:2Z1wkZW9po0fOwmWn92Z6N
10120,10120,Lindsey Webster,Love Inside,266133,2018,0.843,0.528,9,-7.987,0.0281,0.19,1.96e-06,0.0403,0.754,109.993,spotify:track:2N1Rv6v7IIXb2mht46Uuu1
10121,10121,Phil Denny,Switch Up,265213,2018,0.6629999999999999,0.899,7,-5.36,0.0421,0.0204,0.557,0.12,0.7090000000000001,100.991,spotify:track:2UnLdiSM806q0M3ix0GQMH
10122,10122,Adam Hawley ,Can You Feel It?,251013,2018,0.7979999999999999,0.599,2,-5.124,0.0281,0.21600000000000003,0.242,0.0544,0.7759999999999999,97.008,spotify:track:1mYIkTdWul7A4NYS3cKR2g
10123,10123,Vincent Ingala,Personal Touch,224627,2018,0.652,0.7959999999999999,8,-9.88,0.0349,0.447,0.8759999999999999,0.079,0.7559999999999999,90.01299999999999,spotify:track:5eMbgx0rjKqcCkWfBGYM83
10124,10124,Nick Colionne,Buckle Up,258867,2018,0.743,0.589,2,-6.053999999999999,0.0651,0.498,0.29,0.0781,0.815,104.811,spotify:track:0utdMhaf9WqcZ7YgLwxf5G
10125,10125,Boney James,Up All Night,250973,2018,0.7829999999999999,0.552,0,-8.385,0.0538,0.0539,0.8859999999999999,0.099,0.925,92.99600000000001,spotify:track:3cvqsOAiM3cW6d3VzanYK3
10126,10126,Ragan Whiteside,Coreys Bop,250213,2018,0.706,0.6920000000000001,7,-10.122,0.177,0.165,0.061,0.079,0.65,114.91,spotify:track:6abBMKdUJdspXkUjvZiq5w
10127,10127,Paul Brown,Boogaloo,245748,2018,0.8,0.757,10,-6.513,0.0295,0.51,0.00554,0.237,0.905,127.991,spotify:track:0Zb3ZQPYGTlnEVG7Zcih9B
10128,10128,Gerald Albright,Just Between Us,337587,2018,0.7340000000000001,0.865,5,-3.7710000000000004,0.0642,0.28300000000000003,0.853,0.0469,0.787,98.92399999999999,spotify:track:044shu3oR05kI29icYkrpo
10129,10129,Eric Darius,Dare 2 Dream,237006,2018,0.6990000000000001,0.763,6,-4.521,0.0815,0.0587,0.495,0.0624,0.6809999999999999,103.104,spotify:track:4ZaPKfHVYv8yPOPyChW7qH
10130,10130,Marion Meadows ,Soul City,230696,2018,0.7709999999999999,0.635,5,-8.327,0.0576,0.6609999999999999,0.727,0.0761,0.6990000000000001,104.985,spotify:track:7pezUdpxJA1GIll9xhuVNV
10131,10131,Boney James,On The Prowl,245053,2018,0.645,0.348,10,-11.185,0.0392,0.6920000000000001,0.243,0.11,0.40299999999999997,80.018,spotify:track:4lCE9pZIJ8FjcsOuEtLrHD
10132,10132,Jeff Ryan,Up And Up,258707,2018,0.654,0.7440000000000001,8,-6.178999999999999,0.0321,0.145,0.607,0.0534,0.556,105.962,spotify:track:76VWJmXcf9xVHQmXSdR2On
10133,10133,Jazz Holdouts,Morning Breeze,252333,2018,0.7240000000000001,0.617,0,-9.137,0.0303,0.0191,0.875,0.0925,0.738,97.98299999999999,spotify:track:5QUiGKCzDrFtBaa081CePO
10134,10134,Cal Harris Jr,Soulful,240193,2018,0.47200000000000003,0.52,1,-9.915,0.0502,0.0479,0.0941,0.0948,0.5479999999999999,71.972,spotify:track:2DNShbn2tYxR7CpVgcWQkp
10135,10135,Cal Harris Jr,Timeline,246539,2018,0.787,0.518,1,-11.620999999999999,0.0419,0.374,0.903,0.1,0.556,110.98899999999999,spotify:track:3oITDaKGJ1tQVgUkQ3ipwT
10136,10136,Lin Rountree,Pass The Groove,254270,2018,0.787,0.875,5,-6.774,0.0783,0.18899999999999997,0.733,0.11599999999999999,0.6920000000000001,105.006,spotify:track:6Gsy1Y4U6Pa2bKPrFCyDLq
10137,10137,Euge Groove,Saturday Afternoon,288840,2018,0.775,0.65,5,-5.805,0.0286,0.361,0.847,0.0498,0.638,97.97399999999999,spotify:track:3RyGsb43jv8D5iVC7VDS1f
10138,10138,Patrick Bradley ,Tailwind,230773,2018,0.79,0.7959999999999999,0,-6.207999999999999,0.0293,0.38,0.474,0.27,0.883,109.99799999999999,spotify:track:3uRRbB1ErLM33tye3qWKXz
10139,10139,Darryl Williams ,Do You Remember,254627,2018,0.732,0.7809999999999999,9,-6.087999999999999,0.0281,0.306,0.762,0.0583,0.9259999999999999,117.98200000000001,spotify:track:6GvB2N0lCOePETatIxxUWC
10140,10140,Chris Standring,Love Street,222472,2018,0.7090000000000001,0.552,8,-10.131,0.0383,0.11599999999999999,0.705,0.0908,0.746,110.03200000000001,spotify:track:5F8rsMQOBhgeAYcKXFFb3o
10141,10141,Paul Hardcastle,Cut Loose,264940,2018,0.349,0.8270000000000001,5,-8.642999999999999,0.0361,0.27699999999999997,0.445,0.0991,0.848,93.68299999999999,spotify:track:5qWJyoqf4f9mtN6azhzXnE
10142,10142,Richard Elliot,Breakin It Down,258933,2018,0.752,0.5820000000000001,5,-6.8260000000000005,0.0522,0.248,0.48,0.0484,0.848,92.075,spotify:track:692ojF483UIaQRbXGsamzg
10143,10143,Jessy J,All I Want,244587,2018,0.586,0.693,0,-7.915,0.0406,0.5,0.102,0.33799999999999997,0.384,93.005,spotify:track:4NfErox2DgaGqo5arwcQjK
10144,10144,Michael Lington ,City Life,294347,2018,0.743,0.675,7,-5.692,0.0243,0.0124,0.8540000000000001,0.11199999999999999,0.769,96.971,spotify:track:0OXsI6rI38UK0QXVgaQ6yy
10145,10145,Riley Richard,L.I.T.,258138,2018,0.7440000000000001,0.9059999999999999,5,-5.653,0.0477,0.298,0.105,0.141,0.556,103.97200000000001,spotify:track:7JWyMt0OBBnPKuTGx6UNYs
10146,10146,Brian Bromberg,Coupe De Ville,365956,2018,0.657,0.6859999999999999,11,-8.351,0.0387,0.591,0.629,0.17600000000000002,0.775,95.07799999999999,spotify:track:3kzMhlIOnkzBvIRlmur2Cp
10147,10147,Carol Albert,Fly Away Butterfly,249000,2018,0.623,0.715,9,-7.875,0.0296,0.623,0.7090000000000001,0.18600000000000003,0.5670000000000001,93.995,spotify:track:0XCCPbEHAUXoVqZ9azkRKY
10148,10148,Dave Bradshaw Jr.,Flipside,227258,2018,0.675,0.875,7,-8.124,0.0354,0.604,0.925,0.09300000000000001,0.892,112.053,spotify:track:46ykANZHiHG1yR4wGdS2g1
10149,10149,Jeff Lorber Fusion,The Badness,310360,2018,0.703,0.7490000000000001,2,-7.004,0.0845,0.204,0.0114,0.102,0.794,172.03599999999997,spotify:track:3A5S6IVDS9ThgfCCwQCXw9
10150,10150,Jacob Webb,Belmont Ave,238846,2018,0.677,0.711,5,-9.0,0.0301,0.0392,0.114,0.0767,0.451,106.993,spotify:track:2WVuuVe2PjByC8Msp4xVbB
10151,10151,Skinny Hightower,One Way Street,281916,2018,0.591,0.847,11,-9.204,0.0327,0.0231,0.877,0.113,0.8190000000000001,96.00399999999999,spotify:track:5f0wOOFbrROTvFwTlkz2VX
10152,10152,Tim Bowman,Boss,267227,2018,0.637,0.8690000000000001,1,-8.198,0.0295,0.183,0.8909999999999999,0.141,0.644,95.971,spotify:track:6gPwJuZZfjBJGO18sXc7T6
10153,10153,Lebron,Feels Like 84,228327,2018,0.542,0.614,7,-9.199,0.0358,0.52,0.736,0.405,0.551,83.946,spotify:track:2ff2Fk7QphJfZOyBE2nqcX
10154,10154,David P. Stevens,For The Win,225713,2018,0.732,0.7070000000000001,11,-4.725,0.0338,0.341,0.8190000000000001,0.0755,0.6609999999999999,110.024,spotify:track:4Nju6jp25uReGCHGr2HBPr
10155,10155,Adam Hawley ,Traveling Mood,230467,2018,0.7829999999999999,0.723,10,-6.138999999999999,0.0323,0.0296,0.693,0.302,0.691,107.03200000000001,spotify:track:3tSBPzWcRGQXVyRkUB9hnT
10156,10156,Kayla Waters,Zephyr,293595,2018,0.607,0.852,4,-8.918,0.0303,0.318,0.703,0.0961,0.628,100.00299999999999,spotify:track:73MC1F6Tl0f5f0SsL0dnkP
10157,10157,Charley Langer,J Street Groove,234752,2018,0.715,0.74,7,-7.832999999999999,0.0355,0.209,0.27699999999999997,0.131,0.741,92.00399999999999,spotify:track:4TFi0zee9HC0ya4Dkqfy56
10158,10158,Bob Baldwin ,Be Blessed ,236170,2018,0.67,0.747,10,-9.224,0.0445,0.0055899999999999995,0.816,0.0716,0.688,97.005,spotify:track:5dAwCicFZsIJTH7rTcx5Bi
10159,10159,Lawson Rollins ,World Of Wonder,202253,2018,0.67,0.867,7,-5.587999999999999,0.0275,0.0999,0.49,0.262,0.634,101.99799999999999,spotify:track:19ilW1FWgjgGgQdwxKM1gL
10160,10160,Chris Standring,Like Paradise,229222,2018,0.8170000000000001,0.55,7,-10.522,0.0432,0.268,0.855,0.09300000000000001,0.97,145.97299999999998,spotify:track:4oTbicawoDDqkrr02QUajy
